Year Deployed,Parks,Species,D_Sex,Deployment code,Name of individual,Brand,SAT ID,Date Deployed,Time Deployed,VHF,VHF Fine Tune,SN,GPS X,GPS Y,Vial#,Body Length,Horn Length,Neck Circ,Group Size,State,Immobility?,Reason,Reasons,Date Last Fix,Last Fix X,Last Fix Y,Date Deactivated,To deactive with AWT,In inactive collar group ER?,To Check?,Comments
2023,"Badingilo & Boma, South Sudan",White-eared Kob,Male,,White-eared Kob 6650,AWT,6650,22-Mar-2023,8:46, 148.010 ,,s/n 20173,6.160851,32.910488,115,,,46,,Deactivated,,,,,,,25-Apr-2024,,Yes,,
2023,"Badingilo & Boma, South Sudan",White-eared Kob,Male,,White-eared Kob 6651,AWT,6651,19-Mar-2023,7:00, 148.030 ,,s/n 20174,5.296547,32.479465,161,150,44.5,45,400,Deactivated,,,,,,,20-Jun-2023,,Yes,,
2023,"Badingilo & Boma, South Sudan",White-eared Kob,Male,,White-eared Kob 6652,AWT,6652,29-Mar-2023,8:44, 148.100 ,,s/n 20176,7.225564,33.605740,170,133,47,43,,Deactivated,,,,,,,25-Jan-2024,,Yes,,Ceres tag 2207B0797 
2023,"Badingilo & Boma, South Sudan",White-eared Kob,Male,,White-eared Kob 6653,AWT,6653,29-Mar-2023,8:10, 148.080 ,,s/n 20175,7.195730,33.720643,111,138,48.5,44,,Deactivated,,,,,,,11-Mar-2024,,Yes,,
2023,"Badingilo & Boma, South Sudan",White-eared Kob,Male,,White-eared Kob 6654,AWT,6654,29-Mar-2023,7:00, 148.120 ,,s/n 20177,07.099918,033.823828,134,149,49,42.5,,Deactivated,,Poached,,,6.621043,33.283296,8-Jan-2025,,Yes,,Ceres tag 2207B0079
2023,"Badingilo & Boma, South Sudan",White-eared Kob,Male,,White-eared Kob 6655,AWT,6655,20-Mar-2023,10:34, 148.140 ,,s/n 20178,6.150009,32.686970,171,146,47.5,46,1000+,Deactivated,,Possibly poached,,,6.815482,32.369262,8-Aug-2025,,Yes,y,
2023,"Badingilo & Boma, South Sudan",White-eared Kob,Male,,White-eared Kob 6657,AWT,6657,17-Mar-2023,11:10, 148.180 ,,s/n 20180,5.28109444,32.41718056,162,140,50,40,20,Deactivated,,,,,,,5-Jun-2023,,Yes,,
2023,"Badingilo & Boma, South Sudan",White-eared Kob,Male,,White-eared Kob 6658,AWT,6658,20-Mar-2023,10:12, 148.200 ,,s/n 20181,6.154324,32.673466,166,141,51,44,1000+,Deactivated,,Poached,,,,,1-Aug-2025,,Yes,,
2023,"Badingilo & Boma, South Sudan",White-eared Kob,Male,,White-eared Kob 6659,AWT,6659,25-Mar-2023,8:06, 148.220 ,,s/n 20182,06.16625,33.48189,87,,,48,,Deactivated,,,,,,,2-Aug-2023,,Yes,,
2023,"Badingilo & Boma, South Sudan",White-eared Kob,Male,,White-eared Kob 6660,AWT,6660,24-Mar-2023,6:20, 148.240 ,,s/n 20183,06.52367,34.16225,92,,,44,,Deactivated,,Natural mortality?,,,6.918593,33.805003,9-Apr-2025,,Yes,Y,
2023,"Badingilo & Boma, South Sudan",White-eared Kob,Male,,White-eared Kob 6661,AWT,6661,14-Apr-2023,9:13, 148.260 ,,s/n 20184,6.610358,33.487492,77,,,,,Deactivated,,,,,,,5-Apr-2024,,Yes,,
2023,"Badingilo & Boma, South Sudan",White-eared Kob,Male,,White-eared Kob 6662,AWT,6662,23-Mar-2023,9:10, 148.300 ,,s/n 20185,06.041898,032.384898,101,,,,,Deactivated,,,,1-Sep-2024,,,10-Oct-2024,,Yes,,
2023,"Badingilo & Boma, South Sudan",White-eared Kob,Male,,White-eared Kob 6656,AWT,6656,8-Apr-2023,9:50, 148.160 ,,s/n 20179,5.914893,32.820677,90,,,,,Deactivated,,,,,,,5-Apr-2024,,Yes,,
2023,"Badingilo & Boma, South Sudan",White-eared Kob,Male,,White-eared Kob 6663,AWT,6663,22-Mar-2023,10:45, 148.320 ,,s/n 20186,6.100518,32.912131,128,,,,,Deactivated,,,,,,,20-Jun-2023,,Yes,,
2023,"Badingilo & Boma, South Sudan",White-eared Kob,Male,,White-eared Kob 6664,AWT,6664,23-Mar-2023,11:54, 148.370 ,,s/n 20187,06.071397,032.170888,199,,,,,Deactivated,,,,,,,8-Aug-2025,,Yes,,
2023,"Badingilo & Boma, South Sudan",White-eared Kob,Male,,White-eared Kob 6665,AWT,6665,17-Mar-2023,10:24, 148.430 ,,s/n 20188,05.271122,32.400201,163,145,40,47.5,1000+,Deactivated,,,,,,,8-May-2024,,Yes,,
2023,"Badingilo & Boma, South Sudan",White-eared Kob,Male,,White-eared Kob 6666,AWT,6666,8-Apr-2023,8:24, 148.450 ,,s/n 20189,5.663222 ,32.648195,108,139,45.5,45,,Deactivated,,Natural mortality?,,,,,5-Apr-2024,,Yes,,
2023,"Badingilo & Boma, South Sudan",White-eared Kob,Male,,White-eared Kob 6667,AWT,6667,22-Mar-2023,8:03, 148.520 ,,s/n 20190,6.055080,32.745251,165,145,39.5,48,,Deactivated,,,,,,,20-Jun-2023,,Yes,,
2023,"Badingilo & Boma, South Sudan",White-eared Kob,Male,,White-eared Kob 6668,AWT,6668,23-Mar-2023,6:51, 148.560 ,,s/n 20191,06.06747,32.71219,105,,,,,Deactivated,,Natural mortality?,,11-Apr-2024,5.750638,32.421936,8-Aug-2025,,Yes,,
2023,"Badingilo & Boma, South Sudan",White-eared Kob,Male,,White-eared Kob 6669,AWT,6669,22-Mar-2023,11:30, 148.610 ,,s/n 20192,6.134673,32.942639,104,,,40,,Deactivated,,,,,,,5-Apr-2024,,Yes,,
2023,"Badingilo & Boma, South Sudan",White-eared Kob,Male,,White-eared Kob 6670,AWT,6670,24-Mar-2023,7:00, 148.630 ,,s/n 20193,06.64631,34.06939,82,,,46.5,,Deactivated,,,,25-Jun-2024,,,12-Sep-2024,,Yes,,
2023,"Badingilo & Boma, South Sudan",White-eared Kob,Male,,White-eared Kob 6671,AWT,6671,24-Mar-2023,8:39, 148.730 ,,s/n 20194,06.85967,34.05425,99,,,42.5,,Deactivated,,,,4-Jun-2024,,,12-Sep-2024,,Yes,,
2023,"Badingilo & Boma, South Sudan",White-eared Kob,Male,,White-eared Kob 6672,AWT,6672,4-Apr-2023,8:31, 148.750 ,,s/n 20195,6.754740,34.535730,30,,,,,Deactivated,,,,,,,20-Jun-2023,,Yes,,
2023,"Badingilo & Boma, South Sudan",White-eared Kob,Male,,White-eared Kob 6673,AWT,6673,22-Mar-2023,7:23, 148.800 ,,s/n 20196,6.061123,32.737428,177,,43,42,,Deactivated,,,,,,,13-Sep-2023,,Yes,,
2023,"Badingilo & Boma, South Sudan",White-eared Kob,Male,6674_1,White-eared Kob 6674,AWT,6674,16-Mar-2023,7:40, 148.890 ,,s/n 20197,05.158659,32.306948,180,142,40,37,,Redeployed,,Poached - collar collected,,,,,11-Mar-2024,,Yes,,Animal likely poached; collar recovered 6 April
2023,"Badingilo & Boma, South Sudan",White-eared Kob,Male,,White-eared Kob 6675,AWT,6675,22-Mar-2023,12:15, 148.930 ,,s/n 20198,6.122544,32.890186,183,,,41,,Deactivated,,,,,,,5-Apr-2024,,Yes,,
2023,"Badingilo & Boma, South Sudan",White-eared Kob,Male,,White-eared Kob 6676,AWT,6676,24-Mar-2023,9:30, 148.950 ,,s/n 20199,06.32436,33.86903,88,,,45.5,,Deactivated,,,,,,,20-Oct-2023,,Yes,,
2023,"Badingilo & Boma, South Sudan",White-eared Kob,Male,,White-eared Kob 6677,AWT,6677,22-Mar-2023,11:12, 148.980 ,,s/n 20200,6.126381,32.918598,152,,,,,Deactivated,,,,,,,25-Apr-2024,,Yes,,
2023,"Badingilo & Boma, South Sudan",White-eared Kob,Male,,White-eared Kob 6735,AWT,6735,16-Apr-2023,9:35, 150.780 ,,s/n 20345,7.907265,32.488007,66,148,50,45,,Deactivated,,,,,,,31-Aug-2023,,Yes,,
2023,"Badingilo & Boma, South Sudan",White-eared Kob,Male,,White-eared Kob 6734,AWT,6734,22-Mar-2023,6:50, 150.740 ,,s/n 20344,6.066633,32.755313,150,,,,,Deactivated,,,,,,,20-Jun-2023,,Yes,,
2023,"Badingilo & Boma, South Sudan",White-eared Kob,Male,,White-eared Kob 6679,AWT,6679,24-Mar-2023,6:57, 149.020 ,,s/n 20224,06.64931,34.079921,81,,,26.5,,Deactivated,,,,21-Mar-2025,,,8-Aug-2025,,Yes,,
2023,"Badingilo & Boma, South Sudan",White-eared Kob,Male,,White-eared Kob 6681,AWT,6681,29-Mar-2023,7:42, 149.070 ,,s/n 20226,07.134963,33.799567,132,132,,24,,Deactivated,,Likely poached- immobile then moved 3km to new location and was immobile again,,23-Mar-2026,6.691775,33.561586,23-Mar-2026,,Yes,,
2023,"Badingilo & Boma, South Sudan",White-eared Kob,Male,6682_1,White-eared Kob 6682,AWT,6682,17-Mar-2023,8:11, 149.100 ,,s/n 20227,5.41921944,32.26789444,198,132,,24.5,100-200,Redeployed,,Poached - collar collected,,,,,20-Nov-2023,,,,Animal likely poached; collar recovered 14 April.
2023,"Badingilo & Boma, South Sudan",White-eared Kob,Male,6682_2,White-eared Kob 6682,,6682,15-Apr-2023,10:31,,,,7.040400,34.050601,,,,,,Deactivated,,,,,,,,,Yes,,Collar redeployed
2023,"Badingilo & Boma, South Sudan",White-eared Kob,Male,6683_1,White-eared Kob 6683,AWT,6683,30-Mar-2023,9:05, 149.140 ,,s/n 20228,7.6471,33.51491,126,,,,,Redeployed,,Natural mortality?,,,5.844681,33.63245,9-Apr-2025,,,y,Animal likely predated on; collar recovered 15 April.
2023,"Badingilo & Boma, South Sudan",White-eared Kob,Male,6683_2,White-eared Kob 6683,,6683,15-Apr-2023,9:48,,,,6.971070,33.528930,65,143,,25,,Deactivated,,,,,,,,,Yes,,Collar redeployed
2023,"Badingilo & Boma, South Sudan",White-eared Kob,Male,,White-eared Kob 6684,AWT,6684,22-Mar-2023,8:57, 149.160 ,,s/n 20229,6.149065,32.905450,117,,,25,,Deactivated,,,,,,,16-Aug-2023,,Yes,,
2023,"Badingilo & Boma, South Sudan",White-eared Kob,Male,,White-eared Kob 6685,AWT,6685,22-Mar-2023,7:47, 149.200 ,,s/n 20230,6.053889,32.742251,131,,,26,,Deactivated,,,,,,,21-Jun-2023,,Yes,,
2023,"Badingilo & Boma, South Sudan",White-eared Kob,Male,,White-eared Kob 6686,AWT,6686,22-Mar-2023,11:52, 149.220 ,,s/n 20231,6.149557,32.904598,118,,,,,Deactivated,,Poached,,,5.070613,33.246287,24-Nov-2024,,Yes,,
2023,"Badingilo & Boma, South Sudan",White-eared Kob,Male,,White-eared Kob 6687,AWT,6687,25-Mar-2023,8:33, 149.240 ,,s/n 20232,06.15208,33.50147,93,,,27,,Deactivated,,,,,,,5-Apr-2024,,Yes,,
2023,"Badingilo & Boma, South Sudan",White-eared Kob,Male,,White-eared Kob 6688,AWT,6688,24-Mar-2023,6:40, 149.260 ,,s/n 20233,06.53678,34.07342,100,,,26.5,,Active,,,,,,,,,No- active,,
2023,"Badingilo & Boma, South Sudan",White-eared Kob,Male,,White-eared Kob 6689,AWT,6689,22-Mar-2023,8:30, 149.280 ,,s/n 20234,6.104996,32.757598,119,,,25,,Deactivated,,,,,,,11-Jan-2024,,Yes,,
2023,"Badingilo & Boma, South Sudan",White-eared Kob,Male,,White-eared Kob 6690,AWT,6690,19-Mar-2023,7:30, 149.300 ,,s/n 20235,5.291173,32.483384,195,138,,28,,Deactivated,,,,,,,22-Jan-2024,,Yes,,
2023,"Badingilo & Boma, South Sudan",White-eared Kob,Male,6692_1,White-eared Kob 6692,AWT,6692,22-Mar-2023,9:38, 149.340 ,,s/n 20237,6.189077,32.870177,109,,,28.5,,Deactivated,,Poached - collar collected,,,,,17-Sep-2024,,Yes,,Animal likely poached; collar recovered 8 April
2023,"Badingilo & Boma, South Sudan",White-eared Kob,Male,6692_2,Double entry?,,6692,16-Apr-2023,9:00,,,,8.280401,32.600073,76,140,,27,,Deactivated,,Possibly poached,,,6.976475,32.244418,,,Yes,y,Collar redeployed
2023,"Badingilo & Boma, South Sudan",White-eared Kob,Male,,White-eared Kob 6693,AWT,6693,22-Mar-2023,7:35, 149.360 ,,s/n 20238,6.072636,32.730360,147,,,26,,Active,,,,,,,,,No- active,,
2023,"Badingilo & Boma, South Sudan",White-eared Kob,Male,,White-eared Kob 6694,AWT,6694,25-Mar-2023,7:30, 149.390 ,,s/n 20239,06.17286,33.57917,89,,,26.5,,Active,,,,,,,,,No- active,,32 cm neck at base
2023,"Badingilo & Boma, South Sudan",White-eared Kob,Male,,White-eared Kob 6695,AWT,6695,9-Apr-2023,8:27, 149.430 ,,s/n 20240,7.344135,31.630272,,,,,,Deactivated,,Possible natural mortality,,,7.106803,32.206427,1-Aug-2025,,Yes,,
2023,"Badingilo & Boma, South Sudan",White-eared Kob,Male,,White-eared Kob 6696,AWT,6696,31-Mar-2023,9:10, 149.450 ,,s/n 20241,07.359981,33.27047,32,133,,29,,Active,,,,,,,,,No- active,,
2023,"Badingilo & Boma, South Sudan",White-eared Kob,Male,,White-eared Kob 6697,AWT,6697,9-Apr-2023,7:40, 149.480 ,,s/n 20242,7.174408,31.479437,11,,,24,,Deactivated,,Natural mortality?,,,,,22-Jan-2024,,Yes,,
2023,"Badingilo & Boma, South Sudan",White-eared Kob,Male,,White-eared Kob 6698,AWT,6698,25-Mar-2023,7:07, 149.500 ,,s/n 20243,06.16347,33.60239,94,,,27.5,,Active,,,,,,,,,No- active,,
2023,"Badingilo & Boma, South Sudan",White-eared Kob,Male,,White-eared Kob 6699,AWT,6699,4-Apr-2023,10:00, 149.520 ,,s/n 20244,6.897223,34.278402,71,,,,,Deactivated,,Natural mortality?,,,6.645447,33.817168,9-Apr-2025,,Yes,y,
2023,"Badingilo & Boma, South Sudan",White-eared Kob,Male,,White-eared Kob 6700,AWT,6700,20-Mar-2023,10:55, 149.550 ,,s/n 20245,6.147250,32.701134,169,135,,27,1000+,Active,,,,,,,,,No- active,,
2023,"Badingilo & Boma, South Sudan",White-eared Kob,Male,,White-eared Kob 6701,AWT,6701,15-Apr-2023,8:32, 149.570 ,,s/n 20246,7.657050,33.469120,64,,,,,Active,,,,,,,5-Jul-2023,,Yes,,
2023,"Badingilo & Boma, South Sudan",White-eared Kob,Male,,White-eared Kob 6702,AWT,6702,22-Mar-2023,7:05, 149.600 ,,s/n 20247,6.064045,32.745089,160,,,26,3000+,Deactivated,,Natural mortality - collar collected,,,,,17-Sep-2024,,Yes,,Massive group of many thousands over the area 
2023,"Badingilo & Boma, South Sudan",White-eared Kob,Male,,White-eared Kob 6703,AWT,6703,4-Apr-2023,10:49, 149.620 ,,s/n 20248,6.591528,34.533363,79,,,,,Active,,,,,,,,,No- active,,"Thin, poor condition"
2023,"Badingilo & Boma, South Sudan",White-eared Kob,Male,,White-eared Kob 6704,AWT,6704,23-Mar-2023,8:33, 149.640 ,,s/n 20249,06.115371,32.158265,144,,,,,Active,,,,,,,,,No- active,,
2023,"Badingilo & Boma, South Sudan",White-eared Kob,Male,,White-eared Kob 6705,AWT,6705,23-Mar-2023,6:57, 149.670 ,,s/n 20250,06.08778,32.71858,136,,,,,Deactivated,,Poached,,8-Mar-2025,,,4-Sep-2025,,Yes,,
2023,"Badingilo & Boma, South Sudan",White-eared Kob,Male,,White-eared Kob 6707,AWT,6707,16-Apr-2023,8:24, 149.717,,s/n 20252,8.432221,32.711701,74,135,,25,,Deactivated,,,,10-Aug-2024,,,12-Sep-2024,,Yes,,
2023,"Badingilo & Boma, South Sudan",White-eared Kob,Male,,White-eared Kob 6708,AWT,6708,16-Apr-2023,7:41, 149.740 ,,s/n 20253,8.411228,32.669241,7,134,,25.5,,Deactivated,,,,18-Aug-2024,,,19-Sep-2024,,Yes,,
2023,"Badingilo & Boma, South Sudan",White-eared Kob,Male,,White-eared Kob 6709,AWT,6709,30-Mar-2023,6:45, 149.770 ,,s/n 20254,7.4727,33.646063,123,,,26,,Active,,,,,,,,,No- active,,
2023,"Badingilo & Boma, South Sudan",White-eared Kob,Male,,White-eared Kob 6710,AWT,6710,31-Mar-2023,9:50, 149.870 ,,s/n 20255,07.26108,33.49933,29,,,,,Deactivated,,,,,,,25-Apr-2024,,Yes,,Animal in poor condition with corneal ulcer on right eye
2023,"Badingilo & Boma, South Sudan",Tiang,Male,,Tiang 6717,AWT,6717,9-Apr-2023,8:53, 150.250 ,,s/n 20290,7.420173,31.697122,28,,,48.5,,Deactivated,,,,4-Oct-2023,7.415005,31.693337,5-Jun-2023,,Yes,,
2023,"Badingilo & Boma, South Sudan",Tiang,Male,,Tiang 6718,AWT,6718,23-Mar-2023,7:55, 150.270 ,,s/n 20291,06.104206,032.201164,113,,,,100k+,Deactivated,,Collar failure?,,6-Feb-2025,6.760045,32.311838,8-Aug-2025,,Yes,,
2023,"Badingilo & Boma, South Sudan",Tiang,Male,,Tiang 6719,AWT,6719,23-Mar-2023,11:12, 150.300 ,,s/n 20292,06.083010,032.143535,129,,,,,Deactivated,,,,27-Jul-2023,6.009137,32.209003,16-Aug-2023,,Yes,,
2023,"Badingilo & Boma, South Sudan",Tiang,Male,,Tiang 6720,AWT,6720,9-Apr-2023,8:04, 150.360 ,,s/n 20293,7.345478,31.630635,98,167,39.5,49,,Deactivated,,Natural mortality?,,31-Jul-2024,6.106743,32.502302,28-Nov-2025,,Yes,Y,
2023,"Badingilo & Boma, South Sudan",Tiang,Male,,Tiang 6711,AWT,6711,16-Mar-2023,11:05, 150.000 ,,s/n 20284,05.146121,32.649376,181,164,44.5,46.5,,Deactivated,,Possibly poached,,15-Jul-2025,4.887945,32.568292,8-Aug-2025,,Yes,y,
2023,"Badingilo & Boma, South Sudan",Tiang,Male,,Tiang 6712,AWT,6712,20-Mar-2023,7:24, 150.070 ,,s/n 20285,5.951098,32.333138,185,156,42,45,1,Deactivated,,Natural mortality?,,16-May-2026,6.765353,32.373651,16-May-2026,,Yes,,"With herd of reedbuck,  possibly poached"
2023,"Badingilo & Boma, South Sudan",Tiang,Male,,Tiang 6713,AWT,6713,28-Mar-2023,11:40, 150.090 ,,s/n 20286,5.940557,33.918498,143,140,,40,,Deactivated,,Immobile collar for over a week. Follow-up done by helicopter pilot (06/01/2026) but nothing was found - no carcass or human signs etc. ,,13-Jan-2026,5.982224,33.85989,13-Jan-2026,,Yes,,
2023,"Badingilo & Boma, South Sudan",Tiang,Male,,Tiang 6714,AWT,6714,20-Mar-2023,12:27, 150.110 ,,s/n 20287,5.483072,32.142100,174,163,42,47,4,Deactivated,,Natural mortality?,,23-Mar-2026,5.185935,32.182844°,23-Mar-2026,,Yes,,2 Females + 2 small calves
2023,"Badingilo & Boma, South Sudan",Tiang,Male,,Tiang 6715,AWT,6715,27-Mar-2023,8:52, 150.150 ,,s/n 20288,6.099463,33.520072,122,169,,44.5,,Deactivated,,,,,5.683211667,32.666905,16-Nov-2023,,Yes,,Ceres tag 2207B0736
2023,"Badingilo & Boma, South Sudan",Tiang,Male,,Tiang 6716,AWT,6716,23-Mar-2023,8:56, 150.200 ,,s/n 20289,06.08961,32.21692,196,,,,100k+,Deactivated,,Possibly poached,,,7.455731,32.240914,12-Dec-2025,,Yes,,
2023,"Badingilo & Boma, South Sudan",Mongalla Gazelle,Male,,Mongalla Gazelle 6721,AWT,6721,17-Mar-2023,7:08, 150.400 ,,s/n 20294,05.458640,32.264556,167,117,27,33,10-20,Deactivated,,,,,,,20-Nov-2023,,Yes,,
2023,"Badingilo & Boma, South Sudan",Mongalla Gazelle,Male,,Mongalla Gazelle 6722,AWT,6722,18-Mar-2023,11:54, 150.420 ,,s/n 20295,5.443580,32.216503,120,111,25,32,,Deactivated,,,,,,,13-Sep-2023,,Yes,,
2023,"Badingilo & Boma, South Sudan",Mongalla Gazelle,Male,,Mongalla Gazelle 6723,AWT,6723,24-Mar-2023,8:00, 150.440 ,,s/n 20296,06.82958,34.08070,95,115,26,35,,Deactivated,,,,,,,20-Oct-2023,,Yes,,Shoulder 60; Hip 72
2023,"Badingilo & Boma, South Sudan",Mongalla Gazelle,Male,,Mongalla Gazelle 6724,AWT,6724,25-Mar-2023,7:19, 150.470 ,,s/n 20297,06.15219,33. 62089,135,,,31.5,,Deactivated,,Natural mortality?,,22-Mar-2026,5.991219,33.749549,23-Mar-2026,,Yes,,
2023,"Badingilo & Boma, South Sudan",Mongalla Gazelle,Male,,Mongalla Gazelle 6726(not in er),AWT,6726,18-Mar-2023,13:31, 150.520 ,,s/n 20299,5.549974,32.334010,189,95,10,24,,Deactivated,,Battery failure,,25-Aug-2025,5.350506,33.195815,4-Sep-2025,,Yes,,
2023,"Badingilo & Boma, South Sudan",Mongalla Gazelle,Male,,Mongalla Gazelle 6727,AWT,6727,24-Mar-2023,7:30, 150.550 ,,s/n 20300,06.67356,34.06670,86,107,12.5,23,,Active,,,,,,,,,No- active,,
2023,"Badingilo & Boma, South Sudan",Mongalla Gazelle,Male,,Mongalla Gazelle 6729,AWT,6729,25-Mar-2023,6:41, 150.600 ,,s/n 20302,06.26669,33.82592,91,,,21,,Deactivated,,,,,,,3-Aug-2023,,Yes,,
2023,"Badingilo & Boma, South Sudan",Mongalla Gazelle,Male,,Mongalla Gazelle 6730,AWT,6730,23-Mar-2023,8:15, 150.630 ,,s/n 20303,06.116119,32.150511,190,,,,,Deactivated,,,,,,,13-Sep-2023,,Yes,,
2023,"Badingilo & Boma, South Sudan",Bohor Reedbuck,Male,,,,,23-Mar-2023,8:45,,,,06.06083,32.40244,145,,,,,Deactivated,,,,,,,,,,,Not collared; died in field
2023,"Badingilo & Boma, South Sudan",Bohor Reedbuck,Male,6731_1,Bohor Reedbuck 6731,AWT,6731,17-Mar-2023,10:43, 150.650 ,,s/n 20341,05.26960278,32.41278056,156,124,33,39.5,200+,Redeployed,,,,,,,,,,,Animal likely poached; collar recovered 6 April
2023,"Badingilo & Boma, South Sudan",Bohor Reedbuck,Male,6731_2,Bohor Reedbuck 6731,AWT,6731,7-Apr-2023,9:54, 150.650 ,,s/n 20341,05.481826,32.190096,27,,,,,Deactivated,,,,13-Jul-2024,5.309435,32.666905,28-Nov-2025,,Yes,,Collar redeployed
2023,"Badingilo & Boma, South Sudan",Bohor Reedbuck,Male,6674_2,Bohor Reedbuck 6674,AWT,6674,7-Apr-2023,9:15, 148.890 ,,s/n 20197,05.406445,32.114035,,,,,,Deactivated,,,,,,,11-Mar-2024,,Yes,,Collar redeployed
2023,"Badingilo & Boma, South Sudan",Bohor Reedbuck,Male,,Bohor Reedbuck 6732,AWT,6732,16-Mar-2023,9:28, 150.680 ,,s/n 20342,05.261908,32.341958,172,135,26.5,39.5,,Deactivated,,,,,,,2-Apr-2025,,Yes,,
2023,"Badingilo & Boma, South Sudan",Bohor Reedbuck,Male,,Bohor Reedbuck 6733,AWT,6733,27-Mar-2023,9:35, 150.720 ,,s/n 20343,6.164787,33.750085,107,,,39.5,,Deactivated,,Possibly poached,,,5.884842,33.838481,8-Aug-2025,,Yes,Y,
2023,"Badingilo & Boma, South Sudan",Bohor Reedbuck,Male,,Bohor Reedbuck 6738,AWT,6738,18-Mar-2023,11:03, 150.880 ,,s/n 20348,5.304558,32.035763,197,127,29,39,,Deactivated,,,,,,,20-Jun-2023,,Yes,,
2023,"Badingilo & Boma, South Sudan",Bohor Reedbuck,Male,,Bohor Reedbuck 6739,AWT,6739,18-Mar-2023,12:36, 150.900 ,,s/n 20349,5.525049,32.302243,137,131,29.5,42,,Deactivated,,,,,,,11-Mar-2024,,Yes,,
2023,"Badingilo & Boma, South Sudan",Bohor Reedbuck,Male,,Bohor Reedbuck 6737,AWT,6737,23-Mar-2023,12:18, 150.840 ,,s/n 20347,06.045422,032.156398,188,,,,,Deactivated,,,,,,,13-Dec-2023,,Yes,,
2023,"Badingilo & Boma, South Sudan",Bohor Reedbuck,Male,,Bohor Reedbuck 6740,AWT,6740,24-Mar-2023,9:40, 150.920 ,,s/n 20350,06.31722,33.87589,97,,,42,,Deactivated,,,,,,,28-Nov-2023,,Yes,,
2023,"Badingilo & Boma, South Sudan",Bohor Reedbuck,,,Bohor Reedbuck 6736,AWT,6736,17-Mar-2023,7:34, 150.810 ,,s/n 20346,5.45091389,32.27810833,186,127,30,39.5,200+,Deactivated,,Natural mortality?,,,5.100183,32.240576,8-Aug-2025,,Yes,Y,
2023,"Badingilo & Boma, South Sudan",Bohor Reedbuck,Female,,Bohor Reedbuck 6678,AWT,6678,18-Mar-2023,13:11, 149.000 ,,s/n 20223,5.507024,32.298147,182,115,,24,,Deactivated,,Poached? Close to Lafon in hunting zone,,11-Apr-2026,5.213539,32.508507,11-Apr-2026,,Yes,,
2023,"Badingilo & Boma, South Sudan",Bohor Reedbuck,Female,,Bohor Reedbuck 6728,AWT,6728,16-Mar-2023,10:10, 150.580 ,150.5812,s/n 20301,05.121111,32.627181,157,,,,,Deactivated,,"Didn't give new fix in 4 weeks, is in 'hunting fields' near lafon",,22-Jan-2026,5.17783,32.569528,9-Mar-2026,,Yes,,
2023,"Badingilo & Boma, South Sudan",Eland,Female,,Eland 6741,AWT,6741,18-Mar-2023,15:00, 149.830 ,,s/n 20367,5.310347,32.454632,159,215,56.5,63,140,Deactivated,,,,16-Aug-2024,5.499523,32.7576383,17-Sep-2024,,Yes,,
2023,"Badingilo & Boma, South Sudan",Eland,Female,,Eland 6742,AWT,6742,27-Mar-2023,8:16, 149.810 ,,s/n 20367,5.310347,32.454632,159,215,56.5,63,140,Deactivated,,,,,6.296305,33.73383,26-Jun-2023,,Yes,,
2023,"Badingilo & Boma, South Sudan",Eland,Female,,Eland 6742,Ceres,6742(2207B0610),27-Mar-2023,8:16,,,s/n 20352,6.088293,33.523630,116,,,,,Deactivated,,Failed - hardware issue,,17-Feb-2024,,,,,Yes,,Ceres tag 2207B0610 
2023,"Badingilo & Boma, South Sudan",Eland,Female,,Eland 6744,AWT,6744,16-Mar-2023,8:35, 149.890 ,,s/n 20354,05.188804,32.312531,200,227,66,58.5,,Deactivated,,,,18-Jun-2025,5.350506,33.195815,8-Aug-2025,,Yes,,
2023,"Badingilo & Boma, South Sudan",Eland,Female,,Eland 6745,AWT,6745,4-Apr-2023,9:34, 149.910 ,149.9092,s/n 20355,6.767865,34.312585,,,,,,Deactivated,,,,14-May-2023,5.601253,33.310836,16-Aug-2023,,Yes,,
2023,"Badingilo & Boma, South Sudan",Eland,Female,,,,,20-Apr-2023,9:00,,,,5.320318,32.527738,2,,,,,,,,,,,,,,,,Not collared
2023,"Badingilo & Boma, South Sudan",Eland,Female,,,,,18-Mar-2023,14:21,,,,5.378506,32.486476,178,236,54,84,3,,,,,,,,,,,,Not collared; young male
2023,"Badingilo & Boma, South Sudan",Oryx,Male,,Oryx 6746,AWT,6746,19-Mar-2023,9:52, 149.930 ,,s/n 20356,5.466634,32.842506,153,163,80,56,,Deactivated,,Possible natural mortality,,,5.287145,32.934914,12-Dec-2025,,Yes,,
2023,"Badingilo & Boma, South Sudan",Oryx,Female,,Oryx 6747,AWT,6747,19-Mar-2023,8:23, 149.950 ,,s/n 20357,5.482200,33.007394,155,153,72.5,50,,Active,,,,,,,,,No - active,,
2023,"Badingilo & Boma, South Sudan",Lion,Male,,Lion 6748,AWT,6748,17-Mar-2023,9:52, 149.970 ,,s/n 20358,05.2657778,32.35693333,154,160,,100,2,Deactivated,,Poached,,23-Nov-2023,5.6331016,32.4385716,5-Apr-2024,,Yes,,
2023,"Badingilo & Boma, South Sudan",Lion,,,Lion 6743,AWT,6743,4-Apr-2023,7:00, 149.850 ,,s/n 20353,6.815840,34.533590,18,164,,,2,Active,,,,,,,,,No - active,,Shoulder height 97cm; Hip height 94cm; Tail85cm; Right upper canine 45mm; Right lower 40mm. Ceres tag 999000000002853
2023,"Badingilo & Boma, South Sudan",Lion,Female,6749_1,Lion 6749,AWT,6749,21-Mar-2023,7:26, 149.990 ,,s/n 20359,5.271703,31.951702,168,174,,69,2,Deactivated,,Poached,,29-Mar-2024,4.643652,32.07751,28-Nov-2025,,Yes,,Tail 86; Shoulder 94; Hip 87; Canines UR 54x69 LR 42x; Back pad L 94x73; Back pad R 94x71; RF 91x71; LF 92x73
2023,"Badingilo & Boma, South Sudan",Lion,Male,,Lion 0540,Ceres,540,13-Apr-2023,8:30,,,,5.131196,32.792551,37,177,,60,1,Deactivated,,Failed - hardware issue,,27-Jul-2023,5.28191328,32.708316,,,Yes,,Ceres tag 2207B0540. Tail 90; Shoulder 97; Hip 94
2023,"Badingilo & Boma, South Sudan",Elephant,Female,,Elephant 6750 ,AWT,6750,28-Mar-2023,10:07, 148.280 ,,s/n 20360,5.564380,33.403155,191,,,,100,Active,,,,,,,,,No- active,,Ceres tag 2204B0364 
2023,"Badingilo & Boma, South Sudan",Elephant,Female,,Elephant 6751,AWT,6751,3-Apr-2023,9:20, 148.390 ,,s/n 20361,5.482050,33.508500,80,,,,,Active,,,,,,,,,No- active,,
2023,"Badingilo & Boma, South Sudan",Elephant,Male,,Elephant 6752,AWT,6752,17-Apr-2023,7:40, 148.410 ,,s/n 20362,5.642490,34.023430,,,,,,Active,,,,,,,,,No- active,,Subadult
2023,"Badingilo & Boma, South Sudan",Elephant,Female,,Elephant 6753,AWT,6753,3-Apr-2023,7:25, 148.470 ,,s/n 20363,5.592463,33.438315,,,,,,Deactivated,,Collar fell off - belting tore at top,,,5.609802,33.55404,15-Sep-2025,,Yes,,"Tusk L 60, R 57; Shoulder height 273; Hip height 254"
2023,"Badingilo & Boma, South Sudan",Elephant,Male,,Elephant 6754,AWT,6754,6-Apr-2023,7:30, 148.500 ,,s/n 20364,05.178826,32.239541,75,,,,1,Deactivated,,Poached on the 25/11/2025. Follow up flight found carcass on 26/11 with ivory still intact. Poacher camp nearby presumably Murle with lots of meat. Carcass was still intact on 26/11.  ,,28-Nov-2025,5.318388,32.391917,28-Nov-2025,,Yes,,Vial 83 for tail hair
2023 Nimule,"Badingilo & Boma, South Sudan",White-eared Kob,Male,,White-eared Kob4633,Savannah Tracking,4633,18-Apr-2023,10:27,,,,3.58359,31.993775,,,,53,,Active,,Nimule,,,,,,,,,Neck circ based on remaining collar length - total collar 105 cm; 48 cm cut off; excess 3-4 cm
2023,"Badingilo & Boma, South Sudan",Elephant,Male,,Elephant 4683,Savannah Tracking,4683,18-Apr-2023,6:54,,,,3.59105,32.017197,139,,,382,,Deactivated,,Poached,,,,,,,Yes,,"Shoulder height 300; Tusk R 80 L, 40 Circ. Collar hole 9"
2023,"Badingilo & Boma, South Sudan",Elephant,Female,,Elephant 4684,Savannah Tracking,4684,18-Apr-2023,8:47,,,,3.641752,31.973572,148,,,258,,Deactivated,,,,,,,,,Yes,,"Sh 289; Tusk R 57 L, 25 Circ. Collar hole 2"
2023 Nimule,"Badingilo & Boma, South Sudan",Elephant,Female,,Elephant 4685,Savannah Tracking,4685,18-Apr-2023,9:33,,,,3.628062,31.978837,112,,,240,,Active,,,,27-Mar-2026,3.615707,32.00856,27-Mar-2026,,No- active,,"Sh 267; Tusk L 20 L, 20 Circ (tusk fractured). Collar hole 1( active collar but has been at one location for 3 months, near a settlement possibly poached)"
2023,"Badingilo & Boma, South Sudan",Elephant,Male,,Elephant 4686,Savannah Tracking,4686,18-Apr-2023,12:07,,,,3.63253,31.973168,105,,,276,,Deactivated,,Poached,,,,,,,Yes,,Collar hole 3
2023 Nimule,"Badingilo & Boma, South Sudan",Elephant,Female,,Elephant 4687,Savannah Tracking,4687,18-Apr-2023,7:57,,,,3.635048,31.966682,102,,,258,,Active,,Collar failure - aerial check showed live female with collar,,,,,,,No- active,,Sh 268. Collar hole 2
2023 Nimule,"Badingilo & Boma, South Sudan",Elephant,Female,,Elephant 4688,Savannah Tracking,4688,18-Apr-2023,11:50,,,,3.62352,31.978707,130,,,258,,Active,,,,,,,,,No- active,,Collar hole 2
2023,"Badingilo & Boma, South Sudan",Cheetah,Female,,Cheetah 6706,AWT,6706,19-Mar-2023,11:30, 149.690 ,,,5.141805,32.374280,,,,,,Deactivated,,Removed,,,,,16-Apr-2024,,Yes,,
2023,"Badingilo & Boma, South Sudan",Cheetah,Female,,Cheetah 6725,AWT,6725,20-Mar-2023,8:44, 150.500 ,,,6.021248,32.712139,,,,,,Deactivated,,Removed,,,,,16-Apr-2024,,Yes,,
2023,"Badingilo & Boma, South Sudan",Bright's Gazelle,Male,,Brights Gazelle 6691,AWT,6691,19-Mar-2023,8:53, 149.320 ,,,5.484050,32.996724,,,,,,Deactivated,,,,7-Jan-2026,5.590408,33.061354,7-Jan-2026,,Yes,,
2023,"Badingilo & Boma, South Sudan",Bright's Gazelle,Male,,Brights Gazelle 6680,AWT,6680,19-Mar-2023,9:23, 149.050 ,,,5.491554,33.015852,,,,,,Deactivated,,,,,5.51805,33.012677,2-Apr-2025,,Yes,,
2023,"Badingilo & Boma, South Sudan",Buffalo,,,Buffalo 0473,Ceres,0473(2207B0473),30-Mar-2023,,,,,,,,,,,,Deactivated,,Failed - hardware issue,,,,,,,Yes,,
2023,"Badingilo & Boma, South Sudan",Buffalo,,,Not in Earthranger,Ceres,2207B0699,31-Mar-2023,,,,,,,,,,,,Deactivated,,Failed - hardware issue,,,,,,,,,Ceres tag 2207B0078
2023,"Badingilo & Boma, South Sudan",Giraffe,Male,,Not in Earthranger,Ceres,3986,31-Mar-2023,6:21,,,,7.43475,33.83469,40,,,,,Deactivated,,Failed - hardware issue,,,,,,,,,Ceres tag 2207B0393
2023,"Badingilo & Boma, South Sudan",Giraffe,Female,,Not in Earthranger,Ceres,3992,31-Mar-2023,8:11,,,,07.72486,33.41986,35,,,,,Deactivated,,Failed - hardware issue,,,,,,,,,Ceres tag 2207B0174
2023,"Badingilo & Boma, South Sudan",Giraffe,Female,,Giraffe 3990,Ceres,3990,6-Apr-2023,7:07,,,,05.179199,32.222585,78,,,,9,Deactivated,,Failed - hardware issue,,,,,,,,,
2023,"Badingilo & Boma, South Sudan",Giraffe,Female,,Not in Earthranger,Ceres,4006,6-Apr-2023,9:18,,,,05.320070,32.259137,19,,,,11,Deactivated,,Failed - hardware issue,,,,,,,,,
2023,"Badingilo & Boma, South Sudan",Giraffe,Female,,Not in Earthranger,Ceres,3982,7-Apr-2023,8:30,,,,05.333809,31.953992,26,,,,18,Deactivated,,Failed - hardware issue,,,,,,,,,
2023,"Badingilo & Boma, South Sudan",Giraffe,Female,,Not in Earthranger,Ceres,3935,10-Apr-2023,8:37,,,,5.376205,32.378222,22,,,,,Deactivated,,Failed - hardware issue,,,,,,,,,Subadult
2023,"Badingilo & Boma, South Sudan",Giraffe,Male,,Not in Earthranger,Ceres,3983,10-Apr-2023,8:54,,,,5.443847,32.371953,39,,,,,Deactivated,,Failed - hardware issue,,,,,,,,,*Vial in GCF bag
2023,"Badingilo & Boma, South Sudan",Giraffe,Female,,Not in Earthranger,Ceres,3988,13-Apr-2023,6:47,,,,5.068609,32.141956,38,,,,,Deactivated,,Failed - hardware issue,,,,,,,,,Second vial 85
2023,"Badingilo & Boma, South Sudan",Giraffe,Female,,Not in Earthranger,Ceres,3994,13-Apr-2023,7:35,,,,5.125814,32.816624,36,,,,,Deactivated,,Failed - hardware issue,,,,,,,,,"2207B0757, subadult"
2023,"Badingilo & Boma, South Sudan",Giraffe,Female,,Not in Earthranger,Ceres,4008,15-Apr-2023,7:28,,,,7.651602,33.425823,10,,,,,Deactivated,,Failed - hardware issue,,,,,,,,,
2023,"Badingilo & Boma, South Sudan",Giraffe,Female,,Not in Earthranger,Ceres,3991,15-Apr-2023,8:00,,,,7.634413 ,33.409383,96,,,,,Deactivated,,Failed - hardware issue,,,,,,,,,
2024,"Badingilo & Boma, South Sudan",White-eared Kob,Female,,White-eared Kob 8099,AWT,8099,22-Mar-2024,8:53,148.040,,,6.667080,34.076330,48,,,,,Deactivated,,Natural mortality,,,,,8-Aug-2025,,Yes,,
2024,"Badingilo & Boma, South Sudan",White-eared Kob,Female,,White-eared Kob 8100,AWT,8100,29-Mar-2024,7:20,148.050,,,6.860381,31.472330,8100,,,,,Active,,,,,,,,,No- active,,
2024,"Badingilo & Boma, South Sudan",White-eared Kob,Female,,White-eared Kob 8101,AWT,8101,29-Mar-2024,6:32,148.060,148.0597,,6.878620,31.455488,8101,,,,,Deactivated,,,,31-Jul-2024,,,17-Sep-2024,,Yes,,
2024,"Badingilo & Boma, South Sudan",White-eared Kob,Female,8102_1,White-eared Kob 8102,AWT,8102,30-Mar-2024,8:01,148.070,148.0687,,6.755921,31.635990,8102,,,,,Redeployed,,Poached,,,6.7662,33.144885,28-Nov-2025,,Yes,,
2024,"Badingilo & Boma, South Sudan",White-eared Kob,Female,,White-eared Kob 8103,AWT,8103,1-Apr-2024,8:27,148.090,,,8.369320,32.639290,8103,,,,,Deactivated,,Battery failure?,,,5.871395,33.451486,4-Sep-2025,,Yes,,
2024,"Badingilo & Boma, South Sudan",White-eared Kob,Female,,White-eared Kob 8104,AWT,8104,31-Mar-2024,8:14,148.110,148.1087,,7.616110,31.274540,8104,,,,,Active,,,,,,,,,No- active,,
2024,"Badingilo & Boma, South Sudan",White-eared Kob,Female,,White-eared Kob 8105,AWT,8105,2-Apr-2024,7:08,148.130,,,8.536920,32.540070,8105,,,,,Active,,,,,,,,,No- active,,
2024,"Badingilo & Boma, South Sudan",White-eared Kob,Female,,White-eared Kob 8106,AWT,8106,7-Apr-2024,12:05,148.210,148.2080,,6.328320,32.270020,8106,,,,,Active,,,,,,,,,No- active,,
2024,"Badingilo & Boma, South Sudan",White-eared Kob,Female,,White-eared Kob 8107,AWT,8107,1-Apr-2024,6:20,148.250,,,7.943630,32.832040,8107,,,,,Active,,,,,,,,,No- active,,
2024,"Badingilo & Boma, South Sudan",White-eared Kob,Female,,White-eared Kob 8108,AWT,8108,28-Mar-2024,9:39,148.290,148.2888,,7.229331,31.497950,8108,,,,,Active,,,,,,,,,No- active,,
2024,"Badingilo & Boma, South Sudan",White-eared Kob,Female,8109_1,White-eared Kob 8109,AWT,8109,22-Mar-2024,7:11,148.310,,,6.620039,34.428990,8109,,,,,Redeployed,,"Poached, collar recovered, redeployed in 2025",,,6.172342,34.370513,,,No- active,,
2024,"Badingilo & Boma, South Sudan",White-eared Kob,Female,,White-eared Kob 8110,AWT,8110,29-Mar-2024,7:59,148.340,148.3390,,6.974290,31.363820,8110,,,,,Deactivated,,"Possible natural mortality, immobile far from settlements",,3-Jun-2026,7.623318,32.069285,3-Jun-2026,,No- active,,
2024,"Badingilo & Boma, South Sudan",White-eared Kob,Female,,White-eared Kob 8111,AWT,8111,31-Mar-2024,6:45,148.350,148.3492,,7.754050,31.447680,8111,,,,,Deactivated,,Poached?,,,5.525904,33.744757,4-Sep-2025,,Yes,,
2024,"Badingilo & Boma, South Sudan",White-eared Kob,Female,,White-eared Kob 8112,AWT,8112,22-Mar-2024,8:18,148.380,,,6.672802,34.428111,41,,,,,Active,,,,,,,,,No- active,,
2024,"Badingilo & Boma, South Sudan",White-eared Kob,Female,8113_1,White-eared Kob 8113,AWT,8113,29-Mar-2024,8:30,148.420,,,7.320669,31.471152,8113,,,,,Deactivated,,"Poached, collar recovered",,30-Aug-2024,6.958693,32.729403,26-Nov-2024,,Yes,,
2024,"Badingilo & Boma, South Sudan",White-eared Kob,Female,,White-eared Kob 8114,AWT,8114,7-Apr-2024,11:29,148.480,148.4798,,6.312140,32.316760,8114,,,,,Active,,,,,,,,,No- active,,
2024,"Badingilo & Boma, South Sudan",White-eared Kob,Female,,White-eared Kob 8115,AWT,8115,2-Apr-2024,8:06,148.490,149.4885,,8.609340,32.467750,,,,,,Deactivated,,Natural mortality?,,24-Sep-2024,8.341974,32.526999,8-Aug-2025,,Yes,Y,
2024,"Badingilo & Boma, South Sudan",White-eared Kob,Female,,White-eared Kob 8116,AWT,8116,1-Apr-2024,6:57,148.570,,,8.126151,32.956600,8116,,,,,Deactivated,,Poached,,6-Jan-2026,6.798209,33.129959,6-Jan-2026,,Yes,,
2024,"Badingilo & Boma, South Sudan",White-eared Kob,Male,,White-eared Kob 8117,AWT,8117,21-Mar-2024,10:30,149.010,,,7.693539,33.499911,115,,,,,Active,,,,,,,,,No- active,,
2024,"Badingilo & Boma, South Sudan",White-eared Kob,Male,,White-eared Kob 8118,AWT,8118,1-Apr-2024,6:41,149.060,149.0583,,8.085810,32.922571,8118,,,,,Deactivated,,Poached - collar taken to Pibor,,19-Mar-2026,6.270738,34.389669,23-Mar-2026,,Yes,,
2024,"Badingilo & Boma, South Sudan",White-eared Kob,Male,,White-eared Kob 8119,AWT,8119,29-Mar-2024,6:18,149.110,,,6.986010,31.445510,8119,,,,,Deactivated,,"Poached, collar recovered",,,,,17-Sep-2024,,Yes,,
2024,"Badingilo & Boma, South Sudan",White-eared Kob,Male,,White-eared Kob 8121,AWT,8121,28-Mar-2024,10:10,149.150,,,7.541370,31.441050,8121,,,,,Active,,,,,,,,,No- active,,
2024,"Badingilo & Boma, South Sudan",White-eared Kob,Male,,White-eared Kob 8122,AWT,8122,22-Mar-2024,6:39,149.170,149.1703,,6.541069,34.423862,8122,,,,,Deactivated,,Possibly poached,,,6.467298,32.993059,2-Apr-2025,,Yes,,
2024,"Badingilo & Boma, South Sudan",White-eared Kob,Male,8123_1,White-eared Kob 8123,AWT,8123,31-Mar-2024,6:55,149.190,,,7.689730,31.421950,8123,,,,,Redeployed,,"Poached, recovered, redeployed in 2025",,,6.809322,33.130735,,,No- active,,Collar redeployed in 2025
2024,"Badingilo & Boma, South Sudan",White-eared Kob,Male,,White-eared Kob 8124,AWT,8124,1-Apr-2024,6:15,149.230,149.2295,,7.888670,32.857850,8124,,,,,Deactivated,,Possibly poached,,31-May-2024,7.874865,32.849185,17-Sep-2024,,Yes,,
2024,"Badingilo & Boma, South Sudan",White-eared Kob,Male,,White-eared Kob 8125,AWT,8125,30-Mar-2024,7:53,149.270,149.2686,,6.770190,31.633820,8125,,,,,Deactivated,,Poached - in village along Bor-Pibor Road,,7-Jan-2026,6.404386,32.512724,7-Jan-2026,,Yes,,
2024,"Badingilo & Boma, South Sudan",White-eared Kob,Male,,White-eared Kob 8126,AWT,8126,28-Mar-2024,6:40,149.350,,,7.667091,31.375770,8126,,,,,Deactivated,,Poached,,28-May-2025,6.699873,31.790822,,,Yes,,
2024,"Badingilo & Boma, South Sudan",White-eared Kob,Male,,White-eared Kob 8127,AWT,8127,22-Mar-2024,7:44,149.380,,,6.678530,34.537151,43,,,,,Deactivated,,Possibly natural mortality ,,17-Apr-2026,6.776087,34.515771,17-Apr-2026,Yes,Yes,,
2024,"Badingilo & Boma, South Sudan",White-eared Kob,Male,,White-eared Kob 8128,AWT,8128,28-Mar-2024,9:01,149.410,149.4798,,7.149890,31.465210,8128,,,,,Deactivated,,,,,,,17-Sep-2024,,Yes,,
2024,"Badingilo & Boma, South Sudan",White-eared Kob,Male,,White-eared Kob 8129,AWT,8129,1-Apr-2024,8:55,149.460,149.4580,,8.501780,32.676111,,,,,,Deactivated,,Possibly poached 3km NW of Nanaam village. ,,28-Nov-2025,7.144577,32.581613,28-Nov-2025,,Yes,Yes,
2024,"Badingilo & Boma, South Sudan",White-eared Kob,Male,,White-eared Kob 8131,AWT,8131,1-Apr-2024,8:39,149.510,,,8.379640,32.643130,8131,,,,,Deactivated,,Poached - collar recovered,,,7.021903,32.502927,8-Aug-2025,,Yes,,
2024,"Badingilo & Boma, South Sudan",White-eared Kob,Male,,White-eared Kob 8133,AWT,8133,28-Mar-2024,8:35,149.560,,,7.252950,31.405640,8133/45,,,,,Deactivated,,Poached - collar collected,,,6.22643,32.737638,12-Dec-2025,,yes,,
2024,"Badingilo & Boma, South Sudan",White-eared Kob,Male,,White-eared Kob 8134,AWT,8134,7-Apr-2024,11:11,149.630,,,6.290090,32.297360,8134,,,,,Deactivated,,Poached - collar in a settlement,,7-Apr-2026,6.585313,32.968823,7-Apr-2026,,Yes,,
2024,"Badingilo & Boma, South Sudan",White-eared Kob,,,White-eared Kob 1356,Spoortrack,1356,20-Apr-2024,10:00,,,,5.966630,33.765450,,,,,,Deactivated,,,,,,,,,Yes,,
2024,"Badingilo & Boma, South Sudan",White-eared Kob,,,White-eared Kob 1226,Spoortrack,1226,20-Apr-2024,8:40,,,,5.958330,33.869860,,,,,,Deactivated,,,,,,,4-Sep-2025,,Yes,,
2024,"Badingilo & Boma, South Sudan",White-eared Kob,,,White-eared Kob 0069,Ceres,0069(2204B0069),23-Apr-2024,8:14,,,,6.601740,34.293720,,,,,,Deactivated,,,,7-Jun-2024,,,,,Yes,,
2024,"Badingilo & Boma, South Sudan",White-eared Kob,,,White-eared Kob 0783,Ceres,0783(2207B0783),23-Apr-2024,9:02,,,,6.059730,33.986550,,,,,,Deactivated,,,,15-Aug-2024,,,,,Yes,,
2024,"Badingilo & Boma, South Sudan",White-eared Kob,,,White-eared Kob 0093,Ceres,0093(2204B0093),22-Apr-2024,7:10,,,,5.904150,33.682020,,,,,,Deactivated,,,,27-Aug-2024,,,,,Yes,,
2024,"Badingilo & Boma, South Sudan",White-eared Kob,,,White-eared Kob 0808,Ceres,0808(2207B0808),22-Apr-2024,7:25,,,,5.906900,33.682260,,,,,,Deactivated,,,,2-Jul-2026,6.50309,33.19783,2-Jul-2026,,No - active,,
2024,"Badingilo & Boma, South Sudan",White-eared Kob,,,White-eared Kob 0083,Ceres,0083(2204B0083),22-Apr-2024,7:35,,,,5.890650,33.680480,,,,,,Deactivated,,,,,,,,,Yes,,
2024,"Badingilo & Boma, South Sudan",White-eared Kob,,,White-eared Kob 0015,Ceres,0015(2204B0015),22-Apr-2024,7:45,,,,5.868650,33.690200,,,,,,Deactivated,,,,27-Aug-2024,,,,,Yes,,
2024,"Badingilo & Boma, South Sudan",White-eared Kob,,,White-eared Kob 0784,Ceres,0784(2207B0784),22-Apr-2024,9:21,,,,5.834910,33.782790,,,,,,Deactivated,,,,16-Jul-2024,,,,,Yes,,
2024,"Badingilo & Boma, South Sudan",White-eared Kob,,,White-eared Kob 0011,Ceres,0011(2204B0011),21-Apr-2024,6:50,,,,5.996640,33.868170,,,,,,Deactivated,,"Possibly poached,12,02km from the road.",,17-Feb-2026,5.757256,34.295733,17-Feb-2026,,Yes,,
2024,"Badingilo & Boma, South Sudan",White-eared Kob,,,White-eared Kob 0156,Ceres,0156(2204B0156),21-Apr-2024,7:07,,,,6.015940,33.733520,,,,,,Deactivated,,,,,,,,,Yes,,
2024,"Badingilo & Boma, South Sudan",White-eared Kob,,,White-eared Kob 0063,Ceres,0063(2204B0063),21-Apr-2024,7:20,,,,6.024500,33.722150,,,,,,Deactivated,,,,26-Mar-2025,,,,,Yes,,
2024,"Badingilo & Boma, South Sudan",White-eared Kob,,,White-eared Kob 0816,Ceres,0816(2207B0816),21-Apr-2024,8:59,,,,5.890370,33.851729,,,,,,Deactivated,,,,12-May-2024,,,,,Yes,,
2024,"Badingilo & Boma, South Sudan",White-eared Kob,,,White-eared Kob 0799,Ceres,0799(2207B0799),21-Apr-2024,9:10,,,,5.879050,33.850570,,,,,,Deactivated,,,,5-May-2024,,,,,Yes,,
2024,"Badingilo & Boma, South Sudan",White-eared Kob,Male,,White-eared Kob 1362,Spoortrack,1362,2-Apr-2024,7:45,,,,8.573360,32.503440,1362,,,,,Deactivated,,,,,,,,,Yes,,
2024,"Badingilo & Boma, South Sudan",Nile Lechwe,Male,,Nile Lechwe 8132,AWT,8132,31-Mar-2024,7:45,149.530,149.5280,,7.545419,31.259730,8132,,,,,Deactivated,,Poached,,,7.183226,31.443772,2-Apr-2025,,Yes,,
2024,"Badingilo & Boma, South Sudan",Tiang,Male,,Tiang 8135,AWT,8135,7-Apr-2024,10:09,150.030,150.0292,,6.067550,32.353080,8135,,,,,Deactivated,,Possibly poached,,22-Nov-2024,6.177425,31.890493,24-Nov-2024,,Yes,,
2024,"Badingilo & Boma, South Sudan",Tiang,Male,,Tiang 8136,AWT,8136,30-Mar-2024,8:37,150.050,150.0564,,6.743032,31.660302,8136,,,,,Deactivated,,Immobility east of Gadiang,,10-Jul-2026,7.174981,31.907612,10-Jul-2026,,Yes,,
2024,"Badingilo & Boma, South Sudan",Tiang,Male,,Tiang 8137,AWT,8137,29-Mar-2024,7:14,150.080,,,6.852363,31.485438,8137,,,,,Deactivated,,Natural mortality,,14-Sep-2024,7.202875,32.033257,17-Sep-2024,,Yes,,
2024,"Badingilo & Boma, South Sudan",Tiang,Male,,Tiang 8138,AWT,8138,29-Mar-2024,7:39,150.100,150.0998,,6.856099,31.416800,8138,,,,,Deactivated,,Natural mortality?,,,5.705869,32.138577,4-Sep-2025,,Yes,,
2024,"Badingilo & Boma, South Sudan",Tiang,Male,,Tiang 8139,AWT,8139,28-Mar-2024,6:19,150.190,150.1893,,7.678770,31.386480,8139/57,,,,,Deactivated,,Poached,,13-Jun-2026,7.23949,31.905895,13-Jan-2026,,Yes,,
2024,"Badingilo & Boma, South Sudan",Tiang,Male,,Tiang 8140,AWT,8140,30-Mar-2024,7:01,150.220,150.2196,,6.688060,31.589620,8140,,,,,Deactivated,,Immobility,,,7.442901,32.261095,1-Aug-2025,,Yes,,
2024,"Badingilo & Boma, South Sudan",Tiang,Male,,Tiang 8141,AWT,8141,31-Mar-2024,6:08,150.310,,,7.779340,31.452740,8141,,,,,Deactivated,,Poached - collar collected in Bor,,27-May-2026,6.121289,32.000309,27-May-2026,Yes,Yes,,
2024,"Badingilo & Boma, South Sudan",Tiang,,,Tiang 0992,Ceres,0992(2207B0992),21-Apr-2024,7:35,,,,6.022420,33.708930,,,,,,Deactivated,,Unknown,,16-Jul-2024,6.268880367,34.387958,,,Yes,,GCF tag
2024,"Badingilo & Boma, South Sudan",Tiang,,,Tiang 0071,Ceres,0071(2204B0071),20-Apr-2024,9:40,,,,5.978680,33.855550,,,,,,Deactivated,,,,25-Jun-2024,5.766084194,33.969877,,,Yes,,
2024,"Badingilo & Boma, South Sudan",Tiang,,,Tiang 0719,Ceres,0719(2207B0719),20-Apr-2024,8:05,,,,5.873770,34.028410,0719,,,,,Deactivated,,,,22-May-2024,6.007397175,33.8380408,,,Yes,,
2024,"Badingilo & Boma, South Sudan",Tiang,Female,,Tiang 8142,AWT,8142,29-Mar-2024,8:45,150.410,150.4092,,7.399869,31.441281,8142,,,,,Active,,,,,,,,,No - active,,
2024,"Badingilo & Boma, South Sudan",Tiang,Female,8143_1,Tiang 8143*,AWT,8143*,28-Mar-2024,9:22,150.350,,,7.246740,31.485870,8143,,,,,Redeployed,,Poached - collar collected,,28-Feb-2025,8.01457,32.183312,25-Feb-2025,,Yes,,
2024,"Badingilo & Boma, South Sudan",Tiang,Female,,Tiang 8144,AWT,8144,30-Mar-2024,7:43,150.370,150.3699,,6.776481,31.630280,8144,,,,,Deactivated,,,,3-Jun-2024,7.626916,32.2719716,17-Sep-2024,,Yes,,
2024,"Badingilo & Boma, South Sudan",Tiang,Female,,Tiang 8145,AWT,8145,30-Mar-2024,6:49,150.320,,,6.682531,31.585500,,,,,,Deactivated,,Natural mortality?,,,6.047887,32.477682,8-Aug-2025,,Yes,y,
2024,"Badingilo & Boma, South Sudan",Tiang,Female,,Tiang 8146,AWT,8146,31-Mar-2024,6:30,150.450,150.4483,,7.788640,31.453470,8146,,,,,Active,,,,,,,,,No - active,,
2024,"Badingilo & Boma, South Sudan",Tiang,Female,,Tiang 8147,AWT,8147,30-Mar-2024,8:25,150.460,150.4594,,6.730500,31.664830,8147,,,,,Active,,,,,,,,,No - active,,
2024,"Badingilo & Boma, South Sudan",Tiang,Female,,Tiang 8148,AWT,8148,30-Mar-2024,7:21,150.480,,,6.706060,31.623120,,,,,1000,Deactivated,,Poached,,19-May-2025,6.772935,31.62862,8-Aug-2025,,Yes,,
2024,"Badingilo & Boma, South Sudan",Tiang,Female,,Tiang 8149,AWT,8149,7-Apr-2024,10:38,150.560,,,6.226070,32.259360,8149,,,,13,Deactivated,,Possibly poached,,1-Jun-2026,4.984094,32.776951,1-Jun-2026,,No - active,,In a large bachelor herd tailing the main herd
2024,"Badingilo & Boma, South Sudan",Elephant,,,Elephant 8150,AWT,8150,28-Mar-2024,7:50,148.580,,,7.515710,31.361250,,,,,250-300,Active,,,,,,,,,No- active,,Same group as 8152
2024,"Badingilo & Boma, South Sudan",Elephant,,,Elephant 8151,AWT,8151,3-Apr-2024,8:37,148.720,,,8.731301,32.446921,8151,,,,13,Active,,,,,,,,,No- active,,Same large herd as 8153
2024,"Badingilo & Boma, South Sudan",Elephant,,,Elephant 8152,AWT,8152,31-Mar-2024,7:17,148.790,,,7.522389,31.371632,,,,,250-300,Active,,,,,,,,,No- active,,Same group as 8150
2024,"Badingilo & Boma, South Sudan",Elephant,,,Elephant 8153,AWT,8153,2-Apr-2024,8:45,148.830,,,8.761080,32.506030,,,,,,Active,,,,,,,,,No- active,,Same large herd as 8151
2024,"Badingilo & Boma, South Sudan",Eland,Female,,Eland 1331,Spoortrack,1331,20-Apr-2024,7:44,,,,5.873770,34.028410,1331,,,,,Deactivated,,Possible natural mortality,,,5.759017,34.179817,,,Yes,,
2024,"Badingilo & Boma, South Sudan",Eland,Female,,Eland 1351,Spoortrack,1351,10-Apr-2024,6:49,,,,5.048660,32.237190,,,,,,Deactivated,,,,,5.484533,33.099267,,,Yes,,
2024,"Badingilo & Boma, South Sudan",Eland,,6749_2,Eland 6749,AWT,6749,24-Apr-2024,6:47,,,,4.861750,32.272530,6749,,,,,Deactivated,,,,,5.0986816,32.412025,28-Nov-2025,,Yes,,Old lion collar re-deployed (82% battery)
2024,"Badingilo & Boma, South Sudan",Eland,,,,,,,14:00,,,,5.306460,31.981630,60,,,,,,,,,,,,,,,,Not collared; died following reaction to antidote
2024,"Badingilo & Boma, South Sudan",Lion,,,Lion 1311,Spoortrack,1311,10-Apr-2024,8:30,151.7,,,5.277910,32.356880,1311,,,,2,Deactivated,,,,,5.35575,32.438,,,Yes,,2 males; found close to 1378; vial with 3x ticks
2024,"Badingilo & Boma, South Sudan",Lion,,,Lion 9608,Spoortrack,1378(9608),16-Mar-2024,9:50,151.9,,,5.136250,32.315600,AF Lion 1 x2,,,,2,Deactivated,,,,,,,,,Yes,,"2 females hunting reedbuck, 3rd female seen in week after collaring"
2024,"Badingilo & Boma, South Sudan",Lion,,,Lion 1337,Spoortrack,1337,27-Mar-2024,8:30,151.8,,,6.020190,32.409950,1337 & 136,,,,3,Deactivated,,,,,,,,,Yes,,3 females together; front leg 93; hind leg 96; vial with 1x tick
2024,"Badingilo & Boma, South Sudan",Cheetah,,,Cheetah 6706,Spoortrack,1360 (6706),7-Apr-2024,14:35,,,,5.075000,32.248370,,,,,,Deactivated,,,,,,,4-Sep-2025,,Yes,,Replaced Cheetah collar 6706; heavily pregnant
2024,"Badingilo & Boma, South Sudan",Cheetah,,,Cheetah 6725,Spoortrack,1346 (6725),7-Apr-2024,9:11,,,,6.002220,32.396150,,,,,,Deactivated,,,,,,,1-Nov-2024,,Yes,,Replaced Cheetah collar 6725
2024,"Badingilo & Boma, South Sudan",Spotted Hyaena,,1371_1,Spotted Hyaena 1371,Spoortrack,1371,8-Apr-2024,8:15,,,,5.175960,32.361730,1371,,,,3,Deactivated,,Damaged,,,,,4-Dec-2024,,Yes,,"Collar fit not ideal; 3 hyaenas found on a kill. Stopped reporting after 4 days, collar assumed damaged"
2024,"Badingilo & Boma, South Sudan",Oryx,,,Oryx 0084,Ceres,0084(2204B0084),22-Apr-2024,8:25,,,,5.651550,33.332580,,,,,,Deactivated,,,,9-Aug-2024,5.657658577,33.297758,,,Yes,,
2024,"Badingilo & Boma, South Sudan",Roan,,,Roan 0183,Ceres,0183(2204B0183),23-Apr-2024,7:20,,,,6.625530,34.323590,0183,,,,,Deactivated,,,,,6.68133,34.306183,,,Yes,,
2024,"Badingilo & Boma, South Sudan",Roan,,,Roan 0092,Ceres,0092(2204B0092),23-Apr-2024,7:53,,,,6.575760,34.280630,,,,,,Deactivated,,,,25-Aug-2024,,,,,Yes,,
2024,"Badingilo & Boma, South Sudan",Roan,,,Roan 0138,Ceres,0138(2204B0138),10-Apr-2024,7:30,,,,5.018980,32.309870,,,,,,Deactivated,,,,27-Aug-2024,,,,,Yes,,
2024,"Badingilo & Boma, South Sudan",Bohor Reedbuck,,,Bohor Reedbuck 1330,Spoortrack,1330,20-Apr-2024,9:15,,,,5.980410,33.879480,,,,,,Deactivated,,Possibly poached,,,6.621448,33.691265,4-Sep-2025,,Yes,Y,
2024,"Badingilo & Boma, South Sudan",Bohor Reedbuck,,,Bohor Reedbuck 1175,Spoortrack,1175,22-Apr-2024,6:50,,,,5.942000,33.835940,,,,,,Deactivated,,Poached - collar collected,,,,,17/4/2025,,Yes,,
2024,"Badingilo & Boma, South Sudan",Bohor Reedbuck,Male,,Bohor Reedbuck 1347,Spoortrack,1347,10-Apr-2024,7:55,,,,5.190220,32.365740,1347,,,,,Deactivated,,"Collar failure? Gave immobility before going offline, possible natural mortality",,9-May-2026,5.473965,32.319052,9-May-2026,,Yes,,
2024,"Badingilo & Boma, South Sudan",Bohor Reedbuck,Male,,Bohor Reedbuck 1344,Spoortrack,1344,6-Apr-2024,6:47,,,,5.153190,32.278860,,,,,,Deactivated,,Natural mortality - collar collected,,,5.4437,32.7047,21/04/2025,,Yes,,
2024,"Badingilo & Boma, South Sudan",Bohor Reedbuck,Male,1359_2,Bohor Reedbuck 1359,Spoortrack,1359,10-Apr-2024,10:13,,,,5.287740,32.324910,1359,,,,,Deactivated,,Possible natural mortality,,30-Apr-2026,5.278367,32.327383,30-Apr-2026,,Yes,,
2024,"Badingilo & Boma, South Sudan",Bohor Reedbuck,Male,1359_1,Bohor Reedbuck 1359,Spoortrack,1359,26-Mar-2024,8:05,,,,5.727780,31.956590,50,,,,,Redeployed,,,,,5.278366,32.327383,,,Yes,,"Reported near Gabur village on 28 March; recovered 29 March, strap cut"
2024,"Badingilo & Boma, South Sudan",Bohor Reedbuck,Female, ,Bohor Reedbuck 1339,Spoortrack,1339,25-Mar-2024,7:25,,,,5.161071,32.271650,1339,,,,,Deactivated,,,,,,,13/04/2024,,Yes,,
2024,"Badingilo & Boma, South Sudan",Bohor Reedbuck,Female,,Bohor Reedbuck 1342,Spoortrack,1342,25-Mar-2024,7:53,,,,5.170390,32.295470,1342,,,,,Deactivated,,,,,,,,,Yes,,
2024,"Badingilo & Boma, South Sudan",Bohor Reedbuck,Female,,Bohor Reedbuck 1329,Spoortrack,1329,23-Mar-2024,7:50,,,,6.125100,33.871770,49,,,,,Deactivated,,,,,,,,,Yes,,Good collar fitment (Spoortrack)
2024,"Badingilo & Boma, South Sudan",Bohor Reedbuck,Female,,Bohor Reedbuck 1350,Spoortrack,1350,8-Apr-2024,6:43,,,,5.139920,32.213850,1350,,,,,Deactivated,,,,,,,,,Yes,,
2024,"Badingilo & Boma, South Sudan",Bohor Reedbuck,Female,,Bohor Reedbuck 1376( not in er),Spoortrack,1376,25-Mar-2024,8:18,,,,5.156090,32.301140,1376,,,,,Deactivated,,Natural mortality,,,,,06/04/2024,,Yes,,Reported immobile 27 March; collar recovered 6 Apr - natural death (suspected cheetah)
2024,"Badingilo & Boma, South Sudan",Bohor Reedbuck,Female,,Bohor Reedbuck 1357,Spoortrack,1357,26-Mar-2024,8:35,,,,5.704670,31.951181,47,,,,,Deactivated,,,,,,,17/04/2025,,Yes,,
2024,"Badingilo & Boma, South Sudan",Bohor Reedbuck,Female,8120_1,Bohor Reedbuck 8120*,AWT,8120,25-Mar-2024,6:44,149.120,,,5.323771,32.075062,8120,,,,,Deactivated,,Natural mortality,,,5.423057,32.004834,,,Yes,,
2024,"Badingilo & Boma, South Sudan",Bohor Reedbuck,Female,,Bohor Reedbuck 8130,AWT,8130,25-Mar-2024,6:20,149.490,149.4881,,5.316620,32.048900,8130,,,,,Deactivated,,Natural mortality - collar collected,,,,,8-Aug-2025,,Yes,,
2024,"Badingilo & Boma, South Sudan",Mongalla Gazelle,,,Mongalla Gazelle 1333,Spoortrack,1333,26-Mar-2024,8:20,,,,5.721700,31.979140,44,,,,,Deactivated,,,,,,,02/09/2024,,Yes,,
2024,"Badingilo & Boma, South Sudan",Mongalla Gazelle,,,Mongalla Gazelle 1334,Spoortrack,1334,6-Apr-2024,8:15,,,,5.197350,32.349460,,,,,,Deactivated,,,,,,,4-Sep-2025,,Yes,,
2024,"Badingilo & Boma, South Sudan",Mongalla Gazelle,,,Mongalla Gazelle 1336,Spoortrack,1336,25-Mar-2024,8:40,,,,5.197080,32.314871,1336,,,,,Deactivated,,,,,,,02/09/2024,,Yes,,Good collar fitment (Spoortrack)
2024,"Badingilo & Boma, South Sudan",Mongalla Gazelle,,,Mongalla Gazelle 1338,Spoortrack,1338,26-Mar-2024,7:55,,,,5.709540,31.949980,51,,,,,Deactivated,,Natural mortality - collar collected,,,5.634217,32.747983,17/04/2025,,Yes,,
2024,"Badingilo & Boma, South Sudan",Mongalla Gazelle,,,Mongalla Gazelle 1354,Spoortrack,1354,23-Mar-2024,6:55,,,,5.858545,34.167180,46,,,,,Deactivated,,,,,,,02/09/2024,,Yes,,Good collar fitment (Spoortrack)
2024,"Badingilo & Boma, South Sudan",Mongalla Gazelle,Male,,Mongalla Gazelle 1376(not in ER),Spoortrack,1376,7-Apr-2024,11:47,,,,6.335260,32.336690,,,,,,Deactivated,,Damaged in transit,,,,,,,Yes,,Failed to report after deployment; device/strap damaged during transport
2024,"Badingilo & Boma, South Sudan",Mongalla Gazelle,Female,,Mongalla Gazelle 1355,Spoortrack,1355,8-Apr-2024,7:20,,,,5.224440,32.198220,,,,,,Deactivated,,,,,,,4-Sep-2025,,Yes,,
2024,"Badingilo & Boma, South Sudan",Mongalla Gazelle,,,Mongalla Gazelle 1358,Spoortrack,1358,22-Mar-2024,9:13,,,,6.647330,34.093220,59,,,,,Deactivated,,,,,,,02/09/2024,,Yes,,Good collar fitment (Spoortrack)
2024,"Badingilo & Boma, South Sudan",Mongalla Gazelle,Female,,Mongalla Gazelle 1363,Spoortrack,1363,7-Apr-2024,10:49,,,,6.231090,32.261140,,,,,,Deactivated,,,,,,,,,Yes,,
2024,"Badingilo & Boma, South Sudan",Mongalla Gazelle,,,Mongalla Gazelle 1370(not in ER),Spoortrack,1370,NA,,,,,,,,,,,,Deactivated,,Faulty,,,,,,,Yes,,Collar did not report - sent back to Joburg
2024,"Badingilo & Boma, South Sudan",Giraffe,,,Giraffe 1368,Ceres,1368(2207B0714),15-Mar-2024,6:58,,,,5.0834342,32.102308,Gir1,,,,,Deactivated,,,,22-Sep-2025,5.305589,32.341454,,,yes,yes,
2024,"Badingilo & Boma, South Sudan",Giraffe,,,,Spoortrack,,,,,,,,,,,,,,Deactivated,,Fell off,,,5.0441,32.1635,,,yes,yes,
2024,"Badingilo & Boma, South Sudan",Giraffe,,,Giraffe 3990,Ceres,3990(2207B0684),15-Mar-2024,8:30,,,,5.083333,32.216667,,,,,,Deactivated,,"Very thick bush, lots of elephants tracks and damage to trees. No sign of carcass, no vultures. So probably collar fell off",,17-Aug-2025,5.174272,32.276609,,,Yes,,2023 tags replaced (0174/3990). ER Subject Giraffe 3990
2024,"Badingilo & Boma, South Sudan",Giraffe,,,,Spoortrack,,,,,,,,,,,,,,Deactivated,,Inactive and last fix a week ago. Double check though. ,,,,,,,Yes,,2023 tags replaced (0174/3990). ER Subject Giraffe 3990
2024,"Badingilo & Boma, South Sudan",Giraffe,,1373_1,Giraffe 1373,Ceres,1373(2207B0710),15-Mar-2024,8:56,,,,5.183333,32.283333,Gir3,,,,,Deactivated,,,,21-Aug-2025,,,,,Yes,,
2024,"Badingilo & Boma, South Sudan",Giraffe,,,,Spoortrack,,,,,,,,,,,,,,Deactivated,,,,,,,,,Yes,,
2024,"Badingilo & Boma, South Sudan",Giraffe,,,Giraffe 1406,Ceres,1406(2207B0858),16-Mar-2024,6:15,,,,5.184321,32.271518,Gir4,,,,,Deactivated,,,,17-Dec-2024,,,,,Yes,,
2024,"Badingilo & Boma, South Sudan",Giraffe,,,,Spoortrack,,,,,,,,,,,,,,Deactivated,,,,,,,,,Yes,,
2024,"Badingilo & Boma, South Sudan",Giraffe,,,Giraffe 1405,Ceres,1405(2207B0724),16-Mar-2024,6:40,,,,5.191090,32.305019,Gir5,,,,,Deactivated,,,,,,,,,Yes,,Subadult male
2024,"Badingilo & Boma, South Sudan",Giraffe,,,,Spoortrack,,,,,,,,,,,,,,Deactivated,,,,,,,,,Yes,,Subadult male
2024,"Badingilo & Boma, South Sudan",Giraffe,,,Giraffe 1401,Ceres,1401(2207B0983),16-Mar-2024,7:52,,,,5.281859,32.326131,Gir6,,,,,Deactivated,,,,23-Jul-2024,,,,,Yes,,
2024,"Badingilo & Boma, South Sudan",Giraffe,,,,Spoortrack,,,,,,,,,,,,,,Deactivated,,,,,,,,,Yes,,
2024,"Badingilo & Boma, South Sudan",Giraffe,,,Giraffe 1400,Ceres,1400(2207B0986),16-Mar-2024,8:20,,,,5.223838,32.198068,Gir7,,,,4,Deactivated,,Natural mortality?,,28-May-2026,5.187554,32.221549,28-May-2026,,Yes,,"Subadult male,"
2024,"Badingilo & Boma, South Sudan",Giraffe,,,,Spoortrack,,,,,,,,,,,,,4,Deactivated,,Fell off,,,5.25179,32.287277,,,No- active,,Subadult male
2024,"Badingilo & Boma, South Sudan",Giraffe,,,Giraffe 1411,Ceres,1411(2207B1064),16-Mar-2024,8:26,,,,5.233828,32.227938,Gir8,,,,11,Deactivated,,Didnt give new fix in 2 weeks,,1-Jun-2026,5.107,32.115011,1-Jun-2026,,Yes,,
2024,"Badingilo & Boma, South Sudan",Giraffe,,,,Spoortrack,,,,,,,,,,,,,11,Active,,Device failure,,,,,,,No- active,,
2024,"Badingilo & Boma, South Sudan",Giraffe,,,Giraffe 1414,Ceres,1414(2207B0762),17-Mar-2024,7:39,,,,5.473042,31.948242,,,,,4,Deactivated,,,,,,,,,No- active,,
2024,"Badingilo & Boma, South Sudan",Giraffe,,,,Spoortrack,,,,,,,,,,,,,4,Deactivated,,,,,,,,,Yes,,
2024,"Badingilo & Boma, South Sudan",Giraffe,,,Giraffe 1416,Ceres,1416(2207B0721),17-Mar-2024,8:26,,,,4.913990,32.163742,Gir10,,,,,Deactivated,,Did not give a new fix in 4 weeks,,20-Dec-2025,5.042372,32.185092,,,Yes,,
2024,"Badingilo & Boma, South Sudan",Giraffe,,,,Spoortrack,,,,,,,,,,,,,,Deactivated,,Did not give a new fix in 4 weeks,,,5.042372,32.185092,,,Yes,,
2024,"Badingilo & Boma, South Sudan",Giraffe,,,Giraffe 1377,Ceres,1377(2207B0826),21-Mar-2024,8:11,,,,7.65835,33.46221,Gir11,,,,,Deactivated,,,,,,,,,Yes,,Subadult male
2024,"Badingilo & Boma, South Sudan",Giraffe,,,,Spoortrack,,,,,,,7.65835,,,,,,,Deactivated,,,,,,,,,Yes,,Subadult male
2024,"Badingilo & Boma, South Sudan",Giraffe,,,Giraffe 1381,Ceres,1381(2207B0856),21-Mar-2024,8:43,,,,7.664123,33.3711,Gir12,,,,,Deactivated,,,,29-Jun-2024,,,,,Yes,,
2024,"Badingilo & Boma, South Sudan",Giraffe,,,,Spoortrack,,,,,,,,,,,,,,Deactivated,,,,,,,,,Yes,,
2024,"Badingilo & Boma, South Sudan",Giraffe,,,Not in ER,Ceres,1387(2207B0717),21-Mar-2024,10:02,,,,7.66667,33.366667,Gir13,,,,,Deactivated,,Poached - tag collected,,,,,,,,,
2024,"Badingilo & Boma, South Sudan",Giraffe,,,,Spoortrack,,,,,,,7.66667,33.366667,,,,,,Deactivated,,Poached - tag collected,,,,,,,,,
2024,"Badingilo & Boma, South Sudan",Giraffe,,,Giraffe 1384,Ceres,1384(2207B0723),21-Mar-2024,10:29,,,,7.694796,33.489225,Gir14,,,,,Deactivated,,,,15-Sep-2024,,,,,Yes,,
2024,"Badingilo & Boma, South Sudan",Giraffe,,,,Spoortrack,,,,,,,,,,,,,,Deactivated,,,,,,,,,Yes,,
2024,"Badingilo & Boma, South Sudan",Giraffe,,,Giraffe 1403,Ceres,1403(2207B1019),21-Mar-2024,11:15,,,,7.6511,33.46667,Gir15,,,,,Deactivated,,Poached,,,7.011985,33.079083,,,Yes,,
2024,"Badingilo & Boma, South Sudan",Giraffe,,,,Spoortrack,,,,,,,,,,,,,,Deactivated,,pached,,,,,,,Yes,,
2024,"Badingilo & Boma, South Sudan",Giraffe,,,Giraffe 1408,Ceres,1408,27-Mar-2024,8:00,,,,5.77749,31.987660,Gir16,,,,12,Deactivated,,,,,,,,,Yes,,
2024,"Badingilo & Boma, South Sudan",Giraffe,,,,Spoortrack,,,,,,,,,,,,,12,Deactivated,,Possibly fell off,,,5.667133,32.237583,,,Yes,,
2024,"Badingilo & Boma, South Sudan",Giraffe,,,Giraffe 1423,Ceres,1423(2209B0356),1-Apr-2024,7:29,,,,8.311770,32.502090,Gir17,,,,,Deactivated,,,,,,,,,Yes,,
2024,"Badingilo & Boma, South Sudan",Giraffe,,,,Spoortrack,,,,,,,,,,,,,,Deactivated,,,,,,,,,Yes,,
2024,"Badingilo & Boma, South Sudan",Giraffe,,,Giraffe 1412,Ceres,1412(2207B0985),1-Apr-2024,7:50,,,,8.315410,32.516510,Gir18,,,,,Deactivated,,Natural mortality?,,3-Jul-2026,8.256899,32.675185,3-Jul-2026,,Yes,,
2024,"Badingilo & Boma, South Sudan",Giraffe,,,,Spoortrack,,,,,,,,,,,,,,Deactivated,,,,,,,,,No- active,,
2024,"Badingilo & Boma, South Sudan",Giraffe,,,Giraffe 1383,Ceres,1383,3-Apr-2024,7:50,,,,8.667982,32.481315,Gir19,,,,,Deactivated,,Maybe poached. Went inactive simalr time as other giraffe and 1.5km apart. ,,,8.699669,32.412565,,,Yes,Yes,
2024,"Badingilo & Boma, South Sudan",Giraffe,,,,Spoortrack,,,,,,,,,,,,,,Deactivated,,,,,,,,,Yes,,
2024,"Badingilo & Boma, South Sudan",Giraffe,,,Giraffe 1399,Ceres,1399(2207B0938),3-Apr-2024,8:09,,,,8.697561,32.464149,Gir20,,,,,Deactivated,,,,,8.686304,32.408788,,,Yes,Yes,
2024,"Badingilo & Boma, South Sudan",Giraffe,,,,Spoortrack,,,,,,,,,,,,,,Active,,,,,,,,,Yes,yes,
2024,"Badingilo & Boma, South Sudan",Vulture White Backed,,,WBV_1614_ST_BOMSS,Spoortrack,1614 (not in ER),12-Jul-2024,,,,,,,,,,,,Active,,,,,,,,,,,
2024,"Badingilo & Boma, South Sudan",Vulture Ruppells,,,RV_1619_ST_BOMSS,Spoortrack,1619(not in ER),12-Dec-2024,,,,,,,,,,,,Active,,Will check area in Nov. A bit late but might be human activity signs. ,,,,,,,,,
2024,"Badingilo & Boma, South Sudan",Vulture White Backed,,,WBV_1622_ST_BOMSS,Spoortrack,1622,12-Sep-2024,,,,,,,,,,,,Deactivated,,Immobile 3km from Maruwa airstrip. ,,,6.228235,34.025417,11-Nov-2025,,,No,
2024,"Badingilo & Boma, South Sudan",Vulture White Backed,,,WBV_1636_ST_BOMSS,Spoortrack,1636(not in ER),12-Jun-2024,,,,,,,,,,,,Active,,,,,,,,,,,
2024,"Badingilo & Boma, South Sudan",Vulture Ruppells,,,RV_1647_ST_BOMSS,Spoortrack,1647(not in ER),12-Jun-2024,,,,,,,,,,,,Deactivated,,Device failure,,,6.466822,34.267565,14/07/2025,,,,
2024,"Badingilo & Boma, South Sudan",Vulture White Headed,,,WHV_1649_ST_BOMSS,Spoortrack,1649(not in ER),12-Jun-2024,,,,,,,,,,,,Active,,,,,,,,,,,
2024,"Badingilo & Boma, South Sudan",Vulture White Backed,,,WBV_1650_ST_BOMSS,Spoortrack,1650(not in ER),12-Jul-2024,,,,,,,,,,,,Active,,,,,,,,,,,
2024,"Badingilo & Boma, South Sudan",Vulture White Backed,,,WBV_1653_ST_BOMSS,Spoortrack,1653(not in ER),12-Sep-2024,,,,,,,,,,,,Active,,,,,,,,,,,
2024,"Badingilo & Boma, South Sudan",Vulture Ruppells,,,RV_1656_ST_BOMSS,Spoortrack,1656,12-Jul-2024,,,,,,,,,,,,Deactivated,,Natural mortality?,,,7.66608,32.657719,9-May-2025,,,y,
2024,"Badingilo & Boma, South Sudan",Vulture White Backed,,,WBV_1658_ST_BOMSS,Spoortrack,1658(not in ER),12-Aug-2024,,,,,,,,,,,,Active,,,,,,,,,,,
2024,"Badingilo & Boma, South Sudan",Vulture Ruppells,,,RV_1684_ST_BOMSS,Spoortrack,1684(not in ER),12-Dec-2024,,,,,,,,,,,,Active,,,,,,,,,,,
2024,"Badingilo & Boma, South Sudan",Vulture White Backed,,,WBV_1685_ST_BOMSS,Spoortrack,1685(not in ER),12-Aug-2024,,,,,,,,,,,,Active,,,,,,,,,,,
2024,"Badingilo & Boma, South Sudan",Vulture White Backed,,,WBV_1687_ST_BOMSS,Spoortrack,1687(not in ER),12-Oct-2024,,,,,,,,,,,,Active,,,,,,,,,,,
2024,"Badingilo & Boma, South Sudan",Vulture White Backed,,,WBV_1688_ST_BOMSS,Spoortrack,1688(not in ER),12-Oct-2024,,,,,,,,,,,,Active,,,,,,,,,,,
2024,"Badingilo & Boma, South Sudan",Vulture White Backed,,,WBV_1692_ST_BADSS,Spoortrack,1692(not in ER),15-Dec-2024,,,,,,,,,,,,Active,,,,,,,,,,,
2025,"Badingilo & Boma, South Sudan",White-eared Kob,Male,,White-eared Kob 9534,AWT,9534,3-Sep-2025,6:51,148.000,148.000,,7.198578,33.692165,S093457,,,,,Deactivated,,Immobility,,,7.192822,33.588418,28-Nov-2025,,Yes,y,
2025,"Badingilo & Boma, South Sudan",White-eared Kob,Male,,White-eared Kob 9535,AWT,9535,18-Mar-2025,5:54,148.020,148.019,,7.98922,32.95096,S093401,,,,,Deactivated,,7km from road,,27-Feb-2026,7.833383,32.673871,23-Mar-2026,,Yes,,
2025,"Badingilo & Boma, South Sudan",White-eared Kob,Male,,White-eared Kob 9536,AWT,9536,3-Jun-2025,7:30,148.150,148.150,,6.73124,34.552114,S093508,,,,,Deactivated,,Possible natural mortality?,,3-Jun-2026,6.038219,33.334247,3-Jun-2026,,Yes,,
2025,"Badingilo & Boma, South Sudan",White-eared Kob,Male,,White-eared Kob 9538,AWT,9538,3-Jul-2025,7:45,148.190,148.189,,6.905899,34.385928,S093499,,,,,Deactivated,,"Poached south of Pochalla, ended up 78km away in village north of Gedu in Ethiopia. ",,20-Feb-2026,6.645548,34.928552,28-Feb-2026,,Yes,,
2025,"Badingilo & Boma, South Sudan",White-eared Kob,Male,,White-eared Kob 9539,AWT,9539,17-Mar-2025,6:40,148.230,148.230,,8.16452,33.06321,S093419,,,,,Deactivated,,Possibly poached,,,7.478559,32.521076,8-Aug-2025,,Yes,y,
2025,"Badingilo & Boma, South Sudan",White-eared Kob,Male,,White-eared Kob 9540,AWT,9540,28-Mar-2025,7:12,148.270,148.270,,6.82941,31.5768,S093437,,,,,Deactivated,,Poached - east of Likuangole,,12-May-2026,7.072189,33.164114,12-May-2026,,Yes,,
2025,"Badingilo & Boma, South Sudan",White-eared Kob,Male,,White-eared Kob 9541,AWT,9541,3-Sep-2025,9:28,148.330,148.330,,7.102354,34.096874,S093353,,,,,Active,,,,,,,,,No- active,,
2025,"Badingilo & Boma, South Sudan",White-eared Kob,Male,,White-eared Kob 9542,AWT,9542,20-Mar-2025,6:09,148.430,148.430,,7.54267,33.14073,S093544,,,,,Deactivated,,"Poached. In Dorien Village, SE of Pibor. Likely poached on the 1 or 2 Jan 2026. ",,13-Jan-2026,6.609453,33.282126,28-Feb-2026,,Yes,,
2025,"Badingilo & Boma, South Sudan",White-eared Kob,Male,,White-eared Kob 9543,AWT,9543,23-Mar-2025,7:08,148.450,148.449,,7.87054,31.29444,S093481,,,,,Deactivated,,Possibly poached,,2-Mar-2026,7.917937,31.324012,2-Mar-2026,,Yes,,
2025,"Badingilo & Boma, South Sudan",White-eared Kob,Male,,White-eared Kob 9544,AWT,9544,3-Sep-2025,6:26,148.510,148.510,,7.233685,33.584661,S093452,,,,,Deactivated,,"Immobile, possibly natural mortality",,12-Jan-2026,6.973894,33.967114,28-Feb-2026,,Yes,,
2025,"Badingilo & Boma, South Sudan",White-eared Kob,Male,,White-eared Kob 9545,AWT,9545,22-Mar-2026,7:43,148.530,148.530,,7.57724,31.56701,S093446,,,,,Deactivated,,Poached,,,6.345465,32.425911,4-Sep-2025,,Yes,,
2025,"Badingilo & Boma, South Sudan",White-eared Kob,Male,,White-eared Kob 9546,AWT,9546,24/3/2025,7:26,148.550,148.550,,7.37772,31.59949,S093448,,,,,Deactivated,,Possibly poached,,28-Nov-2025,6.05744,33.971604,28-Nov-2025,,Yes,,
2025,"Badingilo & Boma, South Sudan",White-eared Kob,Female,,White-eared Kob 9547,AWT,9547,3-Jul-2025,8:15,148.610,148.610,,6.897619,34.275297,S093379,,,,,Active,,,,,,,,,No - active,,
2025,"Badingilo & Boma, South Sudan",White-eared Kob,Female,,White-eared Kob 9548,AWT,9548,18-Mar-2025,7:32,148.630,148.631,,8.26688,33.06518,S093496,,,,,Active,,,,,,,,,No- active,,
2025,"Badingilo & Boma, South Sudan",White-eared Kob,Female,,White-eared Kob 9549,AWT,9549,18-Mar-2025,6:38,148.650,148.651,,8.17044,33.17766,S093390,,,,,Active,,,,,,,,,No- active,,
2025,"Badingilo & Boma, South Sudan",White-eared Kob,Female,,White-eared Kob 9550,AWT,9550,24-Mar-2025,9:59,148.680,148.680,,7.86485,31.29111,S093435,,,,,Active,,,,,,,,,No- active,,
2025,"Badingilo & Boma, South Sudan",White-eared Kob,Female,,White-eared Kob 9551,AWT,9551,20-Mar-2025,7:29,148.710,148.711,,7.70035,33.54908,S093503,,,,,Active,,,,,,,,,No- active,,
2025,"Badingilo & Boma, South Sudan",White-eared Kob,Female,,White-eared Kob 9552,AWT,9552,3-Jun-2025,8:00,148.750,148.750,,6.775427,34.527577,N/A,,,,,Deactivated,,In same locations for 50 days,,28-Feb-2026,6.100023,33.555921,28-Feb-2026,,Yes,,
2025,"Badingilo & Boma, South Sudan",White-eared Kob,Female,,White-eared Kob 9553,AWT,9553,3-Sep-2025,9:04,148.770,148.770,,6.971295,34.210812,S093450,,,,,Deactivated,,Possibly poached - 17km east of Kassangor,,28-Feb-2026,5.775254,34.171557,28-Feb-2026,,Yes,Yes,
2025,"Badingilo & Boma, South Sudan",White-eared Kob,Female,,White-eared Kob 9554,AWT,9554,19-Mar-2025,9:26,148.810,148.811,,8.69676,32.49712,S093444,,,,,Deactivated,,Possibly poached - 10km from settlements,,1-Mar-2026,8.262197,32.43192,1-Mar-2026,,Yes,,
2025,"Badingilo & Boma, South Sudan",White-eared Kob,Female,,White-eared Kob 9555,AWT,9555,3-Dec-2025,8:03,148.850,148.850,,6.735683,31.730215,S093542,,,,,Deactivated,,Possibly poached - 2km from settlements,,22-Mar-2026,6.51279,32.957895,23-Mar-2026,,Yes,,
2025,"Badingilo & Boma, South Sudan",White-eared Kob,Female,,White-eared Kob 9600,AWT,9600,22-Mar-2025,6:58,150.920,150.919,,7.46471,31.63998,S093464,,,,,Active,,,,,,,,,No- active,,Mongalla collar
2025,"Badingilo & Boma, South Sudan",White-eared Kob,Female,,White-eared Kob 9557,AWT,9557,24-Mar-2025,6:21,148.890,148.889,,7.68276,31.479,S093414,,,,,Deactivated,,Poached,,,7.261733,33.008032,4-Sep-2025,,Yes,,
2025,"Badingilo & Boma, South Sudan",White-eared Kob,Female,,White-eared Kob 9558,AWT,9558,3-Sep-2025,10:16,148.920,148.919,,7.10437,33.831361,S093413,,,,,Deactivated,,Poached - in a settlement,,7-Apr-2026,6.77557,33.55392,7-Apr-2026,,Yes,,
2025,"Badingilo & Boma, South Sudan",White-eared Kob,Female,,White-eared Kob 9559,AWT,9559,3-Sep-2025,9:59,148.940,148.940,,7.000329,33.931514,S093539,,,,,Active,,,,,,,,,No - active,,
2025,"Badingilo & Boma, South Sudan",White-eared Kob,Male,8123_2,White-eared Kob 8123,AWT,8123,3-Jul-2025,8:26,149.190,149.190,,6.925288,34.273717,S093385,,,,,Deactivated,,Possible natural mortality?,,23-Mar-2026,7.027053,34.052913,23-Mar-2026,,Yes,,Recovered WEK collar
2025,"Badingilo & Boma, South Sudan",White-eared Kob,Female,8109_2,White-eared Kob 8109,AWT,8109,3-Jul-2025,9:22,148.310,148.310,,6.618021,34.404915,S093365,,,,,Deactivated,,Possibly poached,,2-Mar-2026,5.956251,33.985729,2-Mar-2026,,Yes,,Recovered WEK collar
2025,"Badingilo & Boma, South Sudan",White-eared Kob,Male,,White-eared Kob 8119,AWT,8119,20-Mar-2025,9:38,,,,7.72094,33.36556,S093370,,,,,Deactivated,,,,,,,28-Nov-2025,,Yes,,Recovered WEK collar
2025,"Badingilo & Boma, South Sudan",White-eared Kob,Male,8120_2,White-eared Kob 8120,AWT,8120,28-Mar-2025,7:54,,,,6.96887,31.59188,S093354,,,,,Deactivated,,Poached - in Manyabol,,2-Mar-2026,6.465038,32.576743,2-Mar-2026,,Yes,,"Recovered Reedbuck collar, poached"
2025,"Badingilo & Boma, South Sudan",White-eared Kob,,,White-eared Kob 1477,Ceres,2207B1477,18-Mar-2025,6:15,,,,8.15479,33.07104,S093393,,,,,Deactivated,,No new fix in 3 weeks,,,7.516826,32.286479,,,Yes,,
2025,"Badingilo & Boma, South Sudan",White-eared Kob,,,White-eared Kob 1875,Ceres,2207B1875,18-Mar-2025,6:29,,,,8.1703,33.17813,S093373,,,,,Deactivated,,,,7-Jul-2026,6.017483,32.877982,7-Jul-2026,,Yes,,"Spieces keeps on moving, check regularly.  It might be dead and the coordinate change could be due to collar tracker brand accuracy."
2025,"Badingilo & Boma, South Sudan",White-eared Kob,,,White-eared Kob 1928,Ceres,2207B1928,18-Mar-2025,6:51,,,,8.20153,33.13728,S093431,,,,,Deactivated,,,,,,,,,Yes,,
2025,"Badingilo & Boma, South Sudan",White-eared Kob,,1371_2,White-eared Kob 1371,Ceres,2207B1371,18-Mar-2025,7:59,,,,8.25201,33.04383,S093527,,,,,Deactivated,,Natural morality,,16-Mar-2026,5.99009,32.966838,16-Mar-2026,,Yes,,
2025,"Badingilo & Boma, South Sudan",White-eared Kob,,,White-eared Kob 1902,Ceres,2207B1902,20-Mar-2025,6:18,,,,7.5403,33.13575,N/A,,,,,Deactivated,,"stopped giving fixes, 30 days in the same spot",,,5.675308,33.511219,,,Yes,Yes,
2025,"Badingilo & Boma, South Sudan",White-eared Kob,,,White-eared Kob 1484,Ceres,2207B1484,20-Mar-2025,9:50,,,,7.72588,33.34972,S093473,,,,,Deactivated,,,,,,,,,Yes,,
2025,"Badingilo & Boma, South Sudan",White-eared Kob,,,White-eared Kob 1366,Ceres,2207B1366,20-Mar-2025,10:06,,,,7.707596,33.31986,S093410,,,,,Deactivated,,,,30-May-2025,,,,,Yes,,
2025,"Badingilo & Boma, South Sudan",White-eared Kob,,,White-eared Kob 1576,Ceres,2207B1576,20-Mar-2025,10:19,,,,7.777644,33.204803,S093536,,,,,Deactivated,,,,31-Mar-2025,,,,,Yes,,
2025,"Badingilo & Boma, South Sudan",White-eared Kob,,,White-eared Kob 1866(not in ER),Ceres,2207B1866,21-Mar-2025,6:30,,,,8.19642,33.12512,S093396,,,,,Active,,,,,,,,,No - active,,
2025,"Badingilo & Boma, South Sudan",White-eared Kob,,,White-eared Kob 1907,Ceres,2207B1907,21-Mar-2025,9:07,,,,7.67079,32.87748,S093398,,,,,Deactivated,,,,,,,,,Yes,,
2025,"Badingilo & Boma, South Sudan",White-eared Kob,,,White-eared Kob 1862,Ceres,2207B1862,22-Mar-2025,7:24,,,,7.53192,31.66743,S093388,,,,,Deactivated,,,,24-Aug-2025,,,,,Yes,,
2025,"Badingilo & Boma, South Sudan",White-eared Kob,,,White-eared Kob 1586,Ceres,2207B1586,23-Mar-2025,8:01,,,,7.8975,31.30126,S093378,,,,,Deactivated,,Possibly natural mortality - Is in the same spot for 2 months ,,11-Apr-2026,6.128141,33.358204,11-Apr-2026,,Yes,,
2025,"Badingilo & Boma, South Sudan",White-eared Kob,,,White-eared Kob 1486,Ceres,2207B1486,24-Mar-2025,6:33,,,,7.70706,31.52138,S093502,,,,,Deactivated,,"Possibly poached, giving immobilities close to road",,13-Jun-2026,6.80132,32.032592,13-Jun-2026,,No - active,,
2025,"Badingilo & Boma, South Sudan",White-eared Kob,,,White-eared Kob 1939,Ceres,2207B1939,24-Mar-2025,7:49,,,,7.34653,31.59502,S093399,,,,,Deactivated,,"Didn't give fixes in 1,5 week",,24-Jun-2026,6.938574,31.927536,24-Jun-2026,,Yes,,
2025,"Badingilo & Boma, South Sudan",White-eared Kob,,,White-eared Kob 1560,Ceres,2207B1560,28-Mar-2025,8:32,,,,7.00326,31.58122,S093504,,,,,Deactivated,,,,22-Apr-2025,,,,,Yes,,
2025,"Badingilo & Boma, South Sudan",Tiang,Male,,Tiang 9537,AWT,9537,24-Mar-2025,7:37,148.170,148.170,,7.38048,31.59616,,,,,,Deactivated,y,Immobile on road from Bor to Gadiang,,7-Jul-2026,6.77703,31.709587,7-Jul-2026,,No - active,,WEK collar
2025,"Badingilo & Boma, South Sudan",Tiang,Male,,Tiang 9565,AWT,9565,3-Dec-2025,6:47,149.190,149.190,,6.512194,31.901826,S093329,,,,,Deactivated,,Poached,,30-Aug-2025,6.195467,31.948414,4-Sep-2025,,Yes,Y,
2025,"Badingilo & Boma, South Sudan",Tiang,Male,,Tiang 9567,AWT,9567,3-Nov-2025,8:19,149.280,149.279,,6.201136,32.060607,S093495,,,,,Deactivated,,Poached,,1-Mar-2026,5.887516,32.009745,1-Mar-2026,,Yes,,
2025,"Badingilo & Boma, South Sudan",Tiang,Male,,Tiang 9568,AWT,9568,3-Nov-2025,6:35,149.300,149.300,,6.365797,31.967991,S093489,,,,,Deactivated,,Immobility south of Gadiang - poached,,10-Jul-2026,6.808484,31.804395,10-Jul-2026,,Yes,,
2025,"Badingilo & Boma, South Sudan",Tiang,Male,,Tiang 9569,AWT,9569,22-Mar-2025,6:32,149.410,149.410,,7.46732,31.61548,S093434,,,,,Active,,,,,,,,,No - active,,
2025,"Badingilo & Boma, South Sudan",Tiang,Female,,Tiang 9570,AWT,9570,24-Mar-2025,6:11,149.580,149.580,,7.6982,31.47497,S093485,,,,,Active,,,,,,,,,No - active,,
2025,"Badingilo & Boma, South Sudan",Tiang,Female,,Tiang 9571,AWT,9571,3-Dec-2025,8:16,149.610,149.610,,6.751548,31.756325,S093477,,,,,Deactivated,,Immobile on road from Gadiang to Akobo,,10-Jul-2026,7.17149,31.751186,10-Jul-2026,,No - active,,Female collar
2025,"Badingilo & Boma, South Sudan",Tiang,Female,,Tiang 9572,AWT,9572,3-Dec-2025,6:06,149.660,149.660,,6.439152,31.755756,S093520,,,,,Active,,,,,,,,,No - active,,
2025,"Badingilo & Boma, South Sudan",Tiang,Female,,Tiang 9573,AWT,9573,3-Dec-2025,7:26,149.690,149.690,,6.639633,31.839433,S093459,,,,,Active,,,,,,,,,No - active,,
2025,"Badingilo & Boma, South Sudan",Tiang,Female,,Tiang 9574,AWT,9574,28-Mar-2025,7:38,149.710,149.710,,6.91614,31.59607,S093461,,,,,Active,,,,,,,,,No - active,,
2025,"Badingilo & Boma, South Sudan",Tiang,Female,,Tiang 9575,AWT,9575,27-Mar-2025,6:49,149.750,149.750,,5.69919,32.04311,S093369,,,,,Active,,,,,,,,,No - active,,
2025,"Badingilo & Boma, South Sudan",Tiang,Female,,Tiang 9576,AWT,9576,28-Mar-2025,8:44,149.790,149.790,,6.9396,31.59473,S093540,,,,,Deactivated,,Poached,,30-Jun-2025,6.792607,31.613257,8-Aug-2025,,Yes,,
2025,"Badingilo & Boma, South Sudan",Tiang,Female,,Tiang 9577,AWT,9577,28-Mar-2025,8:18,149.810,149.810,,7.07942,31.53306,S093532,,,,,Active,,,,,,,,,No - active,,
2025,"Badingilo & Boma, South Sudan",Tiang,Female,,Tiang 9578,AWT,9578,28-Mar-2025,6:55,149.830,149.830,,6.57323,31.58379,S093415,,,,,Deactivated,,Poached,,,6.792607,31.613257,8-Aug-2025,,Yes,,
2025,"Badingilo & Boma, South Sudan",Tiang,Female,,Tiang 9579,AWT,9579,27-Mar-2025,8:12,149.870,149.870,,5.89303,32.01714,S093456,,,,,Active,,,,,,,,,No - active,,
2025,"Badingilo & Boma, South Sudan",Tiang,Female,8143_2,Tiang 8143,AWT,8143,28-Mar-2025,9:35,,,,6.63967,31.67835,S093470,,,,,Active,,,,,,,,,No - active,,Recovered Tiang collar
2025,"Badingilo & Boma, South Sudan",Tiang,,1373_2,Tiang 1373,Ceres,1373(2207B1373),22-Mar-2025,6:45,,,,7.45663,31.61193,S093391,,,,,Deactivated,,Doesn't give new fix for more than 2 weeks,,14-Jul-2026,6.937264,32.031519,14-Jul-2026,,No - active,,
2025,"Badingilo & Boma, South Sudan",Tiang,,,Tiang 1473,Ceres,1473(2207B1473),22-Mar-2025,7:07,,,,7.4629,31.66826,S093358,,,,,Deactivated,,Didn't give fixes in a month,,18-Sep-2025,6.25886,31.896594,,,Yes,y,
2025,"Badingilo & Boma, South Sudan",Tiang,,,Tiang 1871,Ceres,1871(2207B1871),24-Mar-2025,6:49,,,,7.66793,31.57027,S093384,,,,,Deactivated,,,,18-Apr-2025,6.837079525,32.270408,,,Yes,,
2025,"Badingilo & Boma, South Sudan",Tiang,,,Tiang 0003,Ceres,0003(2205B0003),24-Mar-2025,7:10,,,,7.47753,31.65118,S093488,,,,,Deactivated,,Poached - tag found in Bor,,,,,,,Yes,,
2025,"Badingilo & Boma, South Sudan",Tiang,,,Tiang 0335,Ceres,0335(2205B0335),27-Mar-2025,6:35,,,,5.68401,32.05898,S093497,,,,,Deactivated,,Stopped giving fixes a month ago,,,5.448338,32.66834,,,Yes,Yes,
2025,"Badingilo & Boma, South Sudan",Tiang,,,Tiang 1613,Ceres,1613(2207B1613),27-Mar-2025,7:01,,,,5.63301,32.12238,S093436,,,,,Deactivated,,,,13-Oct-2025,7.770951,32.400913,,,Yes,Yes,
2025,"Badingilo & Boma, South Sudan",Tiang,,,Tiang 1694,Ceres,1694(2207B1694),27-Mar-2025,7:14,,,,5.66427,32.04864,S093480,,,,,Deactivated,,,,28-Jun-2025,5.681937933,32.303603,,,Yes,,
2025,"Badingilo & Boma, South Sudan",Tiang,,,Tiang 0533,Ceres,0533(2205B0533),27-Mar-2025,8:05,,,,5.90971,32.01736,S093407,,,,,Deactivated,,Possibly poached,,20-Jan-2026,6.582483,32.356668,20-Jan-2026,,No - active,,
2025,"Badingilo & Boma, South Sudan",Tiang,,,Tiang 1968,Ceres,1968(2207B1968),27-Mar-2025,8:26,,,,5.96367,32.00105,S093500,,,,,Deactivated,,,,19-Aug-2025,7.14887023,32.505884,,,Yes,,
2025,"Badingilo & Boma, South Sudan",Tiang,,,Tiang 1475,Ceres,1475(2207B1475),28-Mar-2025,9:50,,,,6.59647,31.68146,S093427,,,,,Deactivated,,,,22-Oct-2025,6.860304,32.135439,,,Yes,Yes,
2025,"Badingilo & Boma, South Sudan",Tiang,,,Tiang 1906,Ceres,1906(2207B1906),28-Mar-2025,11:14,,,,6.28423,31.96668,S093505,,,,,Deactivated,,Possibly poached,,10-Apr-2026,7.847897,32.545259,10-Apr-2026,,Yes,yes,
2025,"Badingilo & Boma, South Sudan",Tiang,,,Tiang 1993,Ceres,1993(2207B1993),28-Mar-2025,11:28,,,,6.20053,31.99584,,,,,,Deactivated,,Immobile on road from Gadiang to Akobo,,12-Jul-2026,7.178063,31.802394,12-Jul-2026,,No - active,,
2025,"Badingilo & Boma, South Sudan",Bohor Reedbuck,Male,,Bohor Reedbuck 9581,AWT,9581,3-Nov-2025,8:03,150.130,150.130,,6.285282,32.009697,S093344,,,,,Deactivated,,Possibly poached,,2-Jun-2026,6.147318,32.089439,2-Jun-2026,,No- active,,
2025,"Badingilo & Boma, South Sudan",Bohor Reedbuck,Male,,Bohor Reedbuck 9585,AWT,9585,14-Mar-2025,8:18,150.360,150.360,,5.26514,32.49556,S093389,,,,,Deactivated,,Is in the same spot for already 50 days,,5-Jan-2026,4.869199,32.971325,5-Jan-2026,,Yes,Yes,
2025,"Badingilo & Boma, South Sudan",Bohor Reedbuck,Female,,Bohor Reedbuck 9586,AWT,9586,3-Nov-2025,8:58,150.380,150.380,,6.125228,32.094828,S093368,,,,,Active,,,,,,,,,No- active,,
2025,"Badingilo & Boma, South Sudan",Bohor Reedbuck,Female,9587_1,Bohor Reedbuck 9587*,AWT,9587,3-Oct-2025,8:35,150.500,150.500,,5.0965,32.27911,S093418,,,,,Deactivated,,,,,,,,,,,"Animal mortality 12/3/2025, collar recovered, predated by lions. Fit for redeploy"
2025,"Badingilo & Boma, South Sudan",Bohor Reedbuck,Female,9587_2,Bohor Reedbuck 9587,AWT,9587,28-Mar-2025,11:48,150.500,150.500,,5.95594,32.0166,S093512,,,,,Deactivated,,Possible natural mortality,,,5.956737,32.033767,8-Aug-2025,,Yes,Y,
2025,"Badingilo & Boma, South Sudan",Bohor Reedbuck,Female,,Bohor Reedbuck 9588,AWT,9588,27-Mar-2025,7:42,150.590,150.587,,5.77616,31.97304,S093442,,,,,Active,,,,,,,,,No- active,,
2025,"Badingilo & Boma, South Sudan",Bohor Reedbuck,Female,,Bohor Reedbuck 9589,AWT,9589,3-Oct-2025,7:47,150.600,150.600,,5.19972,32.24698,S093516,,,,,Active,,,,,,,,,No- active,,
2025,"Badingilo & Boma, South Sudan",Bohor Reedbuck,Female,,Bohor Reedbuck 9590,AWT,9590,14-Mar-2025,7:13,150.630,150.630,,5.23772,32.60218,S093400,,,,,Deactivated,,Possible natural mortality,,,5.225209,32.902395,8-Aug-2025,,Yes,Y,
2025,"Badingilo & Boma, South Sudan",Bohor Reedbuck,Female,,Bohor Reedbuck 9591,AWT,9591,3-Oct-2025,7:15,150.670,150.670,,5.34089,32.02828,S093422,,,,,Deactivated,,Possible natural mortality,,,5.267578,32.265169,8-Aug-2025,,Yes,Y,
2025,"Badingilo & Boma, South Sudan",Bohor Reedbuck,Female,8113_2,Bohor Reedbuck 8113,AWT,8113,16-Mar-2025,6:59,,,,5.46034,32.27545,S093405,,,,,Deactivated,,Possible natural mortality,,28-Nov-2025,5.3767,32.898862,28-Nov-2025,,Yes,,Recovered WEK collar
2025,"Badingilo & Boma, South Sudan",Bohor Reedbuck,Female,8102_2,Bohor Reedbuck 8102,AWT,8102,3-Oct-2025,6:53,,,,5.463,32.00749,S093416,,,,,Deactivated,,Natural mortality? Checked from airplane but didn;t see anything,,28-Nov-2025,5.484817,32.773857,28-Nov-2025,,Yes,,Recovered WEK collar
2025,"Badingilo & Boma, South Sudan",Mongalla Gazelle,Male,,Mongalla Gazelle 9592,AWT,9592,14-Mar-2025,7:39,150.700,,,5.20445,32.591,S093476,,,,,Deactivated,,Is in the same spot for already 50 days,,6-Jan-2026,5.17985,33.409451,6-Jan-2026,,Yes,Yes,
2025,"Badingilo & Boma, South Sudan",Mongalla Gazelle,Male,,Mongalla Gazelle 9593,AWT,9593,15-Mar-2025,9:46,150.740,150.740,,5.40483,32.30601,S093511,,,,,Active,,,,,,,,,No- active,,
2025,"Badingilo & Boma, South Sudan",Mongalla Gazelle,Male,,Mongalla Gazelle 9594,AWT,9594,3-Oct-2025,8:13,150.770,150.770,,5.20698,32.36397,S093491,,,,,Active,,,,,,,,,No- active,,
2025,"Badingilo & Boma, South Sudan",Mongalla Gazelle,Male,,Mongalla Gazelle 9595,AWT,9595,3-Aug-2025,8:07,150.800,150.800,,6.149686,33.834632,S093487,,,,,Deactivated,,Is in the same spot for 2 months,,17-Dec-2025,5.751928,34.243578,,,Yes,Yes,
2025,"Badingilo & Boma, South Sudan",Mongalla Gazelle,Male,9596_1,Mongalla Gazelle 9596*,AWT,9596,3-Aug-2025,7:52,150.830,150.829,,6.209351,33.88564,S093432,,,,,Deactivated,,is in the same spot for 2 months,,14-Dec-2025,5.570926,33.57821,,,Yes,Yes,"Animal mortality 12/3/2025, collar recovered chewed by hyaena. Fit for redeploy"
2025,"Badingilo & Boma, South Sudan",Mongalla Gazelle,Male,9596_2,Mongalla Gazelle 9596,AWT,9596,28-Mar-2025,11:04,150.830,150.829,,6.31,31.96086,S093492,,,,,Deactivated,,Possibly poached,,,5.570923,5.570923,28-Feb-2026,,Yes,,
2025,"Badingilo & Boma, South Sudan",Mongalla Gazelle,Male,,Mongalla Gazelle 9597,AWT,9597,16-Mar-2025,7:24,150.850,150.85,,5.46336,32.2501,S093438,,,,,Deactivated,,Natural mortality?,,,5.374031,32.198696,4-Sep-2025,,Yes,,
2025,"Badingilo & Boma, South Sudan",Mongalla Gazelle,Female,,Mongalla Gazelle 9598,AWT,9598,3-Dec-2025,6:25,150.880,150.879,,6.455773,31.770292,S093523,,,,,Deactivated,,Possibly poached,,1-Jun-2026,6.386565,32.484502,1-Jun-2026,,No- active,,
2025,"Badingilo & Boma, South Sudan",Mongalla Gazelle,Female,,Mongalla Gazelle 9599,AWT,9599,3-Dec-2025,7:09,150.900,150.900,,6.50349,31.928796,S093352,,,,,Active,,,,,,,,,No- active,,
2025,"Badingilo & Boma, South Sudan",Mongalla Gazelle,Female,,Mongalla Gazelle 9556,AWT,9556,3-Nov-2025,8:46,148.870,148.872,,6.147793,32.096017,S093439,,,,,Deactivated,,Natural mortality?,,,5.880162,32.958325,4-Sep-2025,,Yes,,WEK collar
2025,"Badingilo & Boma, South Sudan",Mongalla Gazelle,Female,,Mongalla Gazelle 9601,AWT,9601,27-Mar-2025,7:28,150.940,150.94,,5.76404,31.9831,S093517,,,,,Deactivated,,Natural mortality?,,,5.458143,33.156422,4-Sep-2025,,Yes,,
2025,"Badingilo & Boma, South Sudan",Mongalla Gazelle,Female,,Mongalla Gazelle 9602,AWT,9602,3-Nov-2025,6:52,150.960,150.960,,6.353141,31.965235,S093546,,,,,Deactivated,,Possibly poached,,2-Mar-2026,6.214085,32.14068,2-Mar-2026,,Yes,,
2025,"Badingilo & Boma, South Sudan",Mongalla Gazelle,Female,,Mongalla Gazelle 9603,AWT,9603,3-Dec-2025,7:44,150.980,150.980,,6.670144,31.851358,S093377,,,,,Deactivated,,Possibly poached,,14-Jan-2026,6.347097,32.303544,14-Jan-2026,,Yes,,
2025,"Badingilo & Boma, South Sudan",Nile Lechwe,Male,,Nile Lechwe 9563,AWT,9563,22-Mar-2025,8:19,149.130,149.130,,7.62483,31.30016,S093525,,,,,Deactivated,,Possibly poached,,,7.63392,31.273699,8-Aug-2025,,Yes,Y,Tiang collar
2025,"Badingilo & Boma, South Sudan",Nile Lechwe,Male,,Nile Lechwe 9560,AWT,9560,23-Mar-2025,8:31,149.030,149.030,,7.66951,31.28342,S093357,,,,,Deactivated,,Possibly poached,,,7.978298,31.219707,8-Aug-2025,,Yes,Y,Tiang collar
2025,"Badingilo & Boma, South Sudan",Nile Lechwe,,,Nile Lechwe 9560,Ceres,2207B1396,,,,,,,,,,,,,Deactivated,,Possibly poached,,,7.978286,31.219719,8-Aug-2025,,Yes,,
2025,"Badingilo & Boma, South Sudan",Nile Lechwe,Male,,Nile Lechwe 9564,AWT,9564,23-Mar-2025,8:45,149.160,149.160,,7.66744,31.2742,S093479,,,,,Deactivated,,"Inactive for 2 weeks, possibly poached",,9-Jun-2026,7.685411,31.275217,9-Jan-2026,,yes,,Tiang collar
2025,"Badingilo & Boma, South Sudan",Nile Lechwe,Male,,Nile Lechwe 9580,AWT,9580,24-Mar-2025,8:25,150.020,150.018,,7.4919,31.24331,S093387,,,,,Deactivated,,Possibly poached,,,7.496656,31.232744,8-Aug-2025,,Yes,Y,Reedbuck collar
2025,"Badingilo & Boma, South Sudan",Nile Lechwe,Male,,Nile Lechwe 9562,AWT,9562,24-Mar-2025,8:38,149.100,149.100,,7.52898,31.26887,S093543,,,,,Deactivated,,Possibly poached,,,7.905365,31.273634,4-Sep-2025,,Yes,,Tiang collar
2025,"Badingilo & Boma, South Sudan",Nile Lechwe,,,Nile Lechwe 9561,,9561,24-Mar-2025,8:57,149.080,149.080,,7.58339,31.27744,S093351,,,,,Deactivated,,Poached,,22-Jan-2026,7.685411,31.275217,22-Jan-2026,,Yes,,Tiang collar
2025,"Badingilo & Boma, South Sudan",Nile Lechwe,,,Nile Lechwe 9561,Ceres,2205B0521,24-Mar-2025,,,,,,,,,,,,Deactivated,,Poached,,,,,,,Yes,,
2025,"Badingilo & Boma, South Sudan",Nile Lechwe,Male,,Nile Lechwe 9566,AWT,9566,24-Mar-2025,9:09,149.200,149.200,,7.61375,31.29544,S093350,,,,,Deactivated,,Poached - ended up north of Bor,,,6.73446,31.458589,28-Nov-2025,,Yes,Yes,Tiang collar
2025,"Badingilo & Boma, South Sudan",Nile Lechwe,Male,,Nile Lechwe 9582,AWT,9582,24-Mar-2025,10:17,150.150,150.149,,7.61176,31.25869,S093471,,,,,Deactivated,,Possibly poached,,,7.550743,31.267682,8-Aug-2025,,Yes,Y,Reedbuck collar
2025,"Badingilo & Boma, South Sudan",Nile Lechwe,Male,,Nile Lechwe 9584,AWT,9584,28-Mar-2025,7:22,150.250,150.250,,6.8426,31.57444,S093426,,,,,Deactivated,,Possibly poached,,,6.96564,31.563807,8-Aug-2025,,Yes,Y,Reedbuck collar
2025,"Badingilo & Boma, South Sudan",Nile Lechwe,Male,,Nile Lechwe 9583,AWT,9583,28-Mar-2025,9:07,150.170,150.170,,6.84434,31.55762,S093482,,,,,Deactivated,,Possibly poached,,,7.013998,31.551334,8-Aug-2025,,Yes,Y,Reedbuck collar
2025,"Badingilo & Boma, South Sudan",Cheetah,Male,,Not in Earth Ranger,AWT,9604,,,148.59,148.59,,,,,,,,,,,,,,,,,,,,Undeployed
2025,"Badingilo & Boma, South Sudan",Cheetah,Male,,Not in Earth Ranger,AWT,9605,,,148.67,148.67,,,,,,,,,,,,,,,,,,,,Undeployed
2025,"Badingilo & Boma, South Sudan",Cheetah,Female,,Not in Earth Ranger,AWT,9606,,,148.73,148.73,,,,,,,,,,,,,,,,,,,,Undeployed
2025,"Badingilo & Boma, South Sudan",Cheetah,Female,,Not in Earth Ranger,AWT,9607,,,148.799,148.799,,,,,,,,,,,,,,,,,,,,Undeployed
2025,"Badingilo & Boma, South Sudan",Lion,Male,,Lion 9608,AWT,9608,30-Mar-2025,9:35,149.130,149.13,,5.1858,32.37305,S093554,,,,,Deactivated,,,,,,,,,Yes,,Replaced collar 1378. Drop off 177 set for 07/10/2028 06:00. With 2 cubs
2025,"Badingilo & Boma, South Sudan",Lion,Male,,Lion 9609(not in er),AWT,9609,,,149.160,149.159,,,,,,,,,,,,,,,,,,,,Undeployed. Drop off 178 set for 10/06/2028 05:00. 
2025,"Badingilo & Boma, South Sudan",Lion,Female,,Lion 9610,AWT,9610,21-Mar-2025,7:17,149.180,149.18,,7.69689,33.32215,S093469,,,,,Active,,,,,,,,,No - active,,Drop off 179 set for 10/06/2025 05:00. Hip height 92cm. Shoulder height 88cm. Body length  155cm (not exact)
2025,"Badingilo & Boma, South Sudan",Lion,,,Lion 9611,AWT,9611,30-Mar-2025,6:08,150.030,150.028,,5.18484,32.29418,S093421,,,,,Deactivated,,Presumed to be killed by herders. No carcass but human activity in area. ,,11-May-2026,5.471082,32.42501,11-May-2026,,Yes,Yes,Drop off 180 set for 10/06/2028 05:00. With 2 larger cubs
2025,"Badingilo & Boma, South Sudan",Lion ,,,Lion 9611,Ceres,2207B1882,30-Mar-2025,,,,,,,,,,,,Deactivated,,,,,,,,,,,
2025,"Badingilo & Boma, South Sudan",Buffalo,Male,,Buffalo 9612,AWT,9612,3-Sep-2025,7:20,148.010,148.010,,7.457493,33.943642,S093440,,,,,Deactivated,,Possibly poached,,,7.475685,33.916074,8-Aug-2025,,Yes,,
2025,"Badingilo & Boma, South Sudan",Buffalo,Male,,Buffalo 9613,AWT,9613,20-Mar-2025,6:57,148.030,148.030,,7.68258,33.66537,S093529,,,,,Deactivated,,Possibly poached,,,7.603139,33.696388,8-Aug-2025,,Yes,,
2025,"Badingilo & Boma, South Sudan",Buffalo,Female,,Buffalo 9614,AWT,9614,21-Mar-2025,6:11,148.060,148.060,,8.2337,33.14529,S093402,,,,,Deactivated,,Possibly poached,,,8.171668,33.066863,8-Aug-2025,,Yes,,
2025,"Badingilo & Boma, South Sudan",Buffalo,Female,,Buffalo 9615,AWT,9615,3-Sep-2025,7:57,148.100,148.100,,7.575214,33.778386,S093453,,,,,Active,,,,,,,,,No - active,,
2025,"Badingilo & Boma, South Sudan",Elephant,,,Elephant 9616,AWT,9616,19-Mar-2025,8:17,149.090,149.090,,8.62542,32.5322,N/A,,,,,Deactivated,,Collar likely fell off. ,,,9.087822,31.958767,28-Nov-2025,,Yes,No,
2025,"Badingilo & Boma, South Sudan",Elephant,,,Elephant 9617,AWT,9617,19-Mar-2025,7:13,149.210,149.210,,8.71311,32.48191,N/A,,,,,Active,,,,,,,,,No- active,,
2025,"Badingilo & Boma, South Sudan",Elephant,,,Elephant 9618,AWT,9618,19-Mar-2025,6:30,149.940,149.940,,8.65848,32.53245,N/A,,,,,Deactivated,,"No fix in 2 weeks, in same spot for 30 days - possibly fell off or poached",,4-May-2026,9.115911,32.097985,4-May-2026,Yes,Yes,,
2025,"Badingilo & Boma, South Sudan",Giraffe,,,Giraffe 1724(GCF01247_1724),GSat,36035822,14-Mar-2025,9:24,,,,5.16614,32.22364,N/A,,,,,Deactivated,,Went offline ,,17-Jun-2026,5.450843,32.570799,17-Jun-2026,,No- active,,
2025,"Badingilo & Boma, South Sudan",Giraffe,,,,SpoorTrack,1724,,,,,,,,,,,,,Deactivated,,Went offline ,,,5.450843,32.570799,,,No- active,,
2025,"Badingilo & Boma, South Sudan",Giraffe,,,Giraffe 1722(GCF01228_1722),GSat,33592742,15-Mar-2025,6:36,,,,5.02319,32.29094,S093474,,,,,Deactivated,,Likely fell off,,,,,,,Yes,,
2025,"Badingilo & Boma, South Sudan",Giraffe,,,,SpoorTrack,1722,,,,,,,,,,,,,Deactivated,,"Inactive and last fix 1 week ago, but to recheck",,,5.261235,32.787092,,,Yes,Yes,
2025,"Badingilo & Boma, South Sudan",Giraffe,,,Giraffe 1709(GCF01229_1709),GSat,36046324,15-Mar-2025,7:39,,,,5.04853,32.11567,S093538,,,,,Deactivated,,"Gave last fix 4 weeks ago,  natural morality?",,25-Apr-2026,5.107155,32.07473,25-Apr-2026,,Yes,,
2025,"Badingilo & Boma, South Sudan",Giraffe,,,,SpoorTrack,1709,,,,,,,,,,,,,Deactivated,,Gave last fix 4 weeks ago,,,5.085815,32.175822,,,Yes,,
2025,"Badingilo & Boma, South Sudan",Giraffe,,,Giraffe 1691(GCF01230_1691),GSat,36051340,15-Mar-2025,8:04,,,,5.07645,32.1263,S093412,,,,,Deactivated,,,,,7.50945,33.618679,,,Yes,,
2025,"Badingilo & Boma, South Sudan",Giraffe,,,,SpoorTrack,1691,,,,,,,,,,,,,Deactivated,,Maybe poached. Went inactive 2 days apart from another individual - they were 1.5km apart. ,,,7.50945,33.618679,,,Yes,Yes,
2025,"Badingilo & Boma, South Sudan",Giraffe,,,Giraffe 1738(GCF01231_1738),GSat,36034767,15-Mar-2025,9:04,,,,5.37666,32.3268,S093364,,,,,Active,,Fell off,,,,,,,,,
2025,"Badingilo & Boma, South Sudan",Giraffe,,,,SpoorTrack,1738,,,,,,,,,,,,,Active,,,,,,,,,No- active,,
2025,"Badingilo & Boma, South Sudan",Giraffe,,,Giraffe 1735(GCF01232_1735),GSat,36047181,15-Mar-2025,11:28,,,,5.27921,32.21137,S093349,,,,,Deactivated,,Not reporting for 5 weeks,,12-Apr-2026,5.250268,32.298093,12-Apr-2026,,Yes,,
2025,"Badingilo & Boma, South Sudan",Giraffe,,,,SpoorTrack,1735,,,,,,,,,,,,,Deactivated,,Not reporting for 5 weeks,,,5.250268,32.298093,,,Yes,,
2025,"Badingilo & Boma, South Sudan",Giraffe,,,Giraffe 1721(GCF01233_1721),GSat,33587940,16-Mar-2025,6:19,,,,5.33374,32.18758,S093360,,,,,Deactivated,,"Has been in the same spot for 2 weeks, we checked during giraffe flight and nothing found.. so assume the tag fell off. The GSat ear tag sopped working end of April",,,5.210878,32.287016,,,Yes,,
2025,"Badingilo & Boma, South Sudan",Giraffe,,,,SpoorTrack,1721,,,,,,,,,,,,,Deactivated,,"Has been in the same spot for 2 weeks, we checked during giraffe flight and nothing found.. so assume the tag fell off. The GSat ear tag sopped working end of April",,,5.210878,32.287016,,,Yes,,
2025,"Badingilo & Boma, South Sudan",Giraffe,,,Giraffe 1731(GCF01234_1731),GSat,36036465,16-Mar-2025,8:19,,,,5.24992,32.21091,S093521,,,,,Deactivated,,Immobility: has been in the same location for 40 days,,27-Feb-2026,5.488554,32.526746,27-Feb-2026,,Yes,,
2025,"Badingilo & Boma, South Sudan",Giraffe,,,,SpoorTrack,1731,,,,,,,,,,,,,Deactivated,,Immobility: has been in the same location for 40 days,,,5.488554,32.526746,,,Yes,,
2025,"Badingilo & Boma, South Sudan",Giraffe,,,Giraffe 1725(GCF01235_1725),GSat,36047801,16-Mar-2025,8:43,,,,5.21796,32.24947,S093397,,,,,Deactivated,,Failed,,14-Apr-2026,5.438336,32.461075,14-Apr-2026,,No- active,,
2025,"Badingilo & Boma, South Sudan",Giraffe,,,,SpoorTrack,1725,,,,,,,,,,,,,Deactivated,,Fell off,,,5.438336,32.461075,,,No- active,,
2025,"Badingilo & Boma, South Sudan",Giraffe,,,Giraffe 1743(GCF01236_1743),GSat,36003564,17-Mar-2025,7:01,,,,8.18213,33.02431,S093528,,,,,Active,,Fell off,,,,,,,,,
2025,"Badingilo & Boma, South Sudan",Giraffe,,,,SpoorTrack,1743,,,,,,,,,,,,,Active,,,,,,,,,No- active,,
2025,"Badingilo & Boma, South Sudan",Giraffe,,,Giraffe 1757(GCF01237_1757),GSat,36049823,17-Mar-2025,7:12,,,,8.18125,33.04522,S093383,,,,,Deactivated,,Possibly dead,,27-Feb-2026,8.211437,33.096319,27-Feb-2026,,Yes,,
2025,"Badingilo & Boma, South Sudan",Giraffe,,,,SpoorTrack,1757,,,,,,,,,,,,,Deactivated,,Possibly dead,,,8.211437,33.096319,,,Yes,,
2025,"Badingilo & Boma, South Sudan",Giraffe,,,Giraffe 1748(GCF01238_1748),GSat,33562869,17-Mar-2025,8:18,,,,8.45331,32.64315,S093355,,,,,Deactivated,,,,,8.741794,32.467201,,,Yes,,
2025,"Badingilo & Boma, South Sudan",Giraffe,,,,SpoorTrack,1748,,,,,,,,,,,,,Deactivated,,,,,8.741794,32.467201,,,Yes,,
2025,"Badingilo & Boma, South Sudan",Giraffe,,,Giraffe 1746(GCF01239_1746),GSat,36049724,17-Mar-2025,8:40,,,,8.44249,32.61289,S093498,,,,,Deactivated,,"In same place for 2 weeks, no signal since 5 days",,27-Jun-2026,8.700287,32.391638,27-Jun-2026,,No- active,,
2025,"Badingilo & Boma, South Sudan",Giraffe,,,,SpoorTrack,1746,,,,,,,,,,,,,Deactivated,,,,,8.700287,32.391638,,,No- active,,
2025,"Badingilo & Boma, South Sudan",Giraffe,,,Giraffe 1749(GCF01240_1749),GSat,34651687,18-Mar-2025,7:07,,,,8.21252,33.08984,S093465,,,,,Deactivated,,,,3-Jul-2026,7.601752,33.43197,3-Jul-2026,,No- active,,
2025,"Badingilo & Boma, South Sudan",Giraffe,,,,SpoorTrack,1749,,,,,,,,,,,,,Deactivated,,Natural mortality,,,7.601752,33.43197,,,Yes,,
2025,"Badingilo & Boma, South Sudan",Giraffe,,,Giraffe 1740(GCF01241_1740),GSat,34651661,19-Mar-2025,9:06,,,,8.76623,32.44326,S093346,,,,,Active,,,,,,,,,No- active,,
2025,"Badingilo & Boma, South Sudan",Giraffe,,,,SpoorTrack,1740,,,,,,,,,,,,,Active,,,,,,,,,No- active,,
2025,"Badingilo & Boma, South Sudan",Giraffe,,,Giraffe 1713(GCF01242_1713),GSat,33463043,20-Mar-2025,7:47,,,,7.60381,33.57847,S093429,,,,,Deactivated,,,,,,,,,Yes,,
2025,"Badingilo & Boma, South Sudan",Giraffe,,,,SpoorTrack,1713,,,,,,,,,,,,,Deactivated,,Inactive since Oct 9 2025. Checked area in November but did not see anything including human traces. ,,,7.50945,33.618679,,,Yes,Yes,
2025,"Badingilo & Boma, South Sudan",Giraffe,,,Giraffe 1756(GCF01243_1756),GSat,36032621,20-Mar-2025,8:08,,,,7.6485,33.42911,S093380,,,,,Deactivated,,Didn't give new fix in a month,,31-May-2026,7.621053,33.309951,31-May-2026,,Yes,,
2025,"Badingilo & Boma, South Sudan",Giraffe,,,,SpoorTrack,1756,,,,,,,,,,,,,Deactivated,,Didn't give new fix in a month,,,7.621053,33.309951,,,Yes,,
2025,"Badingilo & Boma, South Sudan",Giraffe,,,Giraffe 1741(GCF01244_1741),GSat,33457904,20-Mar-2025,8:32,,,,7.62116,33.42003,S093395,,,,,Deactivated,,Possibly poached,,,,,8-Oct-2025,,Yes,,
2025,"Badingilo & Boma, South Sudan",Giraffe,,,,SpoorTrack,1741,,,,,,,,,,,,,Deactivated,,Possibly poached,,,7.499536,33.480792,8-Oct-2025,,Yes,,
2025,"Badingilo & Boma, South Sudan",Giraffe,,,Giraffe 1750(GCF01245_1750),GSat,36050367,20-Mar-2025,9:14,,,,7.62934,33.40744,S093486,,,,,Active,,,,,,,,,,,
2025,"Badingilo & Boma, South Sudan",Giraffe,,,,SpoorTrack,1750,,,,,,,,,,,,,Active,,,,,,,,,,,
2025,"Badingilo & Boma, South Sudan",Giraffe,,,Giraffe 1739(GCF01246_1739),GSat,36037505,23-Mar-2025,6:23,,,,7.89226,31.29546,S093493,,,,,Deactivated,,"In same spot for 2 weeks, possibly poached",,12-Feb-2026,7.900541,31.270158,12-Feb-2026,,Yes,,
2025,"Badingilo & Boma, South Sudan",Giraffe,,,,SpoorTrack,1739,,,,,,,,,,,,,Deactivated,,In same spot for 2 weeks,,,7.900541,31.270158,,,Yes,,
2025,"Badingilo & Boma, South Sudan",Giraffe,,,,Ceres,2205B0534,,,,,,,,,,,,,Deactivated,,In same spot for 2 weeks,,,,,,,Yes,,
2025,"Badingilo & Boma, South Sudan",Giraffe,,,Giraffe 1742(GCF01247_1742),GSat,34648683,23-Mar-2025,6:48,,,,7.86663,31.30243,S093475,,,,,Deactivated,,,,10-Mar-2026,7.906763,31.293692,10-Mar-2026,,,,
2025,"Badingilo & Boma, South Sudan",Giraffe,,,,SpoorTrack,1742,,,,,,,,,,,,,Deactivated,,,,,7.906763,31.293692,,,,,
2025,"Badingilo & Boma, South Sudan",Giraffe,,,,Ceres,2205B0240,,,,,,,,,,,,,Deactivated,,,,,7.906763,31.293692,,,,,
2025,"Badingilo & Boma, South Sudan",Giraffe,,,Giraffe 1747(GCF01248_1747),GSat,33589268,23-Mar-2025,7:18,,,,7.8634,31.27816,S093463,,,,,Active,,,,,,,,,,,
2025,"Badingilo & Boma, South Sudan",Giraffe,,,,SpoorTrack,1747,,,,,,,,,,,,,Active,,,,,,,,,,,
2025,"Badingilo & Boma, South Sudan",Giraffe,,,,Ceres,2207B1587,,,,,,,,,,,,,Active,,,,,,,,,,,
2025,"Badingilo & Boma, South Sudan",Eland,,,Eland 1372,Ceres,1372(2207B1372),14-Mar-2025,8:50,,,,5.06926,32.31815,S093382,,,,,Deactivated,,,,,5.553395,33.166673,,,Yes,,
2025,"Badingilo & Boma, South Sudan",Eland,,,Eland 1899( not in ER),Ceres,1899(2207B1899),15-Mar-2025,6:05,,,,5.13202,32.08779,S093524,,,,,Deactivated,,,,,5.207798,32.041733,,,Yes,,
2025,"Badingilo & Boma, South Sudan",Eland,,,Eland 1590,Ceres,1590(2207B1590),15-Mar-2025,,,,,,,,,,,,Deactivated,,,,,5.207798,32.041733,,,Yes,,
2025,"Badingilo & Boma, South Sudan",Eland,,,Eland 1544( not in ER),Ceres,1544(2207B1544),15-Mar-2025,7:07,,,,5.05093,32.31208,S093363,,,,,Deactivated,,Device failure,,,5.065729,32.303088,,,Yes,,
2025,"Badingilo & Boma, South Sudan",Eland,,,Eland 1379,Ceres,1379(2207B1379),15-Mar-2025,,,,,,,,,,,,Deactivated,,,,,,,,,Yes,,
2025,"Badingilo & Boma, South Sudan",Eland,,,Eland 1872( not in ER),Ceres,1872(2207B1872),15-Mar-2025,10:04,,,,5.33625,32.4505,S093509,,,,,Deactivated,,Poached by Kassangor,,25-Mar-2026,6.058645,33.652432,,,No- active,,
2025,"Badingilo & Boma, South Sudan",Eland,,,Eland 1904,Ceres,1904(2207B1904),15-Mar-2025,,,,,,,,,,,,Deactivated,,Poached by Kassangor,,24-Jun-2026,5.414748,33.701441,24-Jun-2026,,No- active,,
2025,"Badingilo & Boma, South Sudan",Eland,,,Eland 1876,Ceres,1876(2207B1876),29-Mar-2025,6:50,,,,5.2399,32.19065,S093468,,,,,Deactivated,,,,24-Jul-2025,5.327531,33.08625,,,Yes,,
2025,"Badingilo & Boma, South Sudan",Roan,,,Roan 1949,Ceres,1949(2207B1949),29-Mar-2025,7:42,,,,5.02535,32.33625,N/A,,,,,Deactivated,,Stopped working,,1-Mar-2026,4.977526,32.124324,1-Mar-2026,,No- active,,
2025,"Badingilo & Boma, South Sudan",Roan,,,Roan 1478(not in ER),Ceres,1478(2207B1478),30-Mar-2025,8:45,,,,5.03014,32.32689,S093535,,,,,Deactivated,,,,,,,,,No- active,,
2025,"Badingilo & Boma, South Sudan",Roan,,,Roan 1925,Ceres,2207B1925,30-Mar-2025,,,,,,,,,,,,Deactivated,,Last fix 1 month ago. System problem? As we had before with Roan. ,,,5.00923,32.264764,,,Yes,Yes,
2025,"Badingilo & Boma, South Sudan",Waterbuck,,,Waterbuck 0001,Ceres,0001(2207B1368),23-Mar-2025,7:57,,,,7.88494,31.31004,S093408,,,,,Deactivated,,"Immobile, poaching?",,18-Apr-2026,7.912825,31.28005,18-Apr-2026,,Yes,,
2025,"Badingilo & Boma, South Sudan",Waterbuck,,,Waterbuck 0001,Ceres,2205B0001,23-Mar-2025,,,,,,,,,,,,Deactivated,,"Immobile, poaching?",,,7.912825,31.28005,,,Yes,,
2026,"Badingilo & Boma, South Sudan",Vulture White Backed,,,WBV_2148_ST_BADSS,SpoorTrack,2148,22-Apr-2026,,,,,,,,,,,,Active,,,,,,,,,,,
2026,"Badingilo & Boma, South Sudan",Vulture Ruppells,,,RV_2129_ST_BADSS,SpoorTrack,2129,22-Apr-2026,,,,,,,,,,,,Active,,,,,,,,,,,
2026,"Badingilo & Boma, South Sudan",Vulture Ruppells,,,RV_2134_ST_BADSS,SpoorTrack,2134,22-Apr-2026,,,,,,,,,,,,Active,,,,,,,,,,,
2026,"Badingilo & Boma, South Sudan",Vulture White Backed,,,WBV_2130_ST_BADSS,SpoorTrack,2130,22-Apr-2026,,,,,,,,,,,,Active,,,,,,,,,,,
2026,"Badingilo & Boma, South Sudan",Vulture White Backed,,,WBV_2033_ST_BADSS,SpoorTrack,2033,22-Apr-2026,,,,,,,,,,,,Active,,,,,,,,,,,
2026,"Badingilo & Boma, South Sudan",Vulture Ruppells,,,WBV_2139_ST_BADSS,SpoorTrack,2139,22-Apr-2026,,,,,,,,,,,,Active,,,,,,,,,,,
2026,"Badingilo & Boma, South Sudan",Vulture White Headed,,,WHV_2093_ST_BADSS,SpoorTrack,2093,23-Apr-2026,,,,,,,,,,,,Active,,,,,,,,,,,
2026,"Badingilo & Boma, South Sudan",Vulture White Backed,,,WBV_2137_ST_BADSS,SpoorTrack,2137,23-Apr-2026,,,,,,,,,,,,Active,,,,,,,,,,,
2026,"Badingilo & Boma, South Sudan",Vulture White Backed,,,WBV_2153_ST_BADSS,SpoorTrack,2153,23-Apr-2026,,,,,,,,,,,,Active,,,,,,,,,,,
2026,"Badingilo & Boma, South Sudan",Vulture White Backed,,,WBV_2140_ST_BADSS,SpoorTrack,2140,23-Apr-2026,,,,,,,,,,,,Active,,,,,,,,,,,
2026,"Badingilo & Boma, South Sudan",Vulture Ruppells,,,RV_2133_ST_BADSS,SpoorTrack,2133,24-Apr-2026,,,,,,,,,,,,Active,,,,,,,,,,,
2026,"Badingilo & Boma, South Sudan",Vulture White Backed,,,WBV_2306_ST_BADSS,Spoortrack,2306,28-Apr-2026,,,,,,,,,,,,Active,,,,,,,,,,,
2026,"Badingilo & Boma, South Sudan",Vulture White Headed,,,WHV_2303_ST_BADSS,Spoortrack,2303,28-Apr-2026,,,,,,,,,,,,Active,,,,,,,,,,,
2026,"Badingilo & Boma, South Sudan",Vulture White Backed,,,WBV_2305_ST_BADSS,Spoortrack,2305,29-Apr-2026,,,,,,,,,,,,Active,,,,,,,,,,,
2026,"Badingilo & Boma, South Sudan",Vulture White Backed,,,WBV_2138_ST_BADSS,Spoortrack,2138,29-Apr-2026,,,,,,,,,,,,Active,,,,,,,,,,,
,"Badingilo & Boma, South Sudan",,,,,,,,,,,,,,,,,,,,,,,,,,,,,,
,"Badingilo & Boma, South Sudan",,,,,,,,,,,,,,,,,,,,,,,,,,,,,,
2025,"Badingilo & Boma, South Sudan",,,,Ceres,2207B1924,,,,,,,,,,,,,,,,,,,,,,,,,
2025,"Badingilo & Boma, South Sudan",,,,Ceres,2207B1580,,,,,,,,,,,,,,,,,,,,,,,,,
,,,,,,,,,,,,,,,,,,,,,,,,,,,,,,,
,,,,,,,,,,,,,,,,,,,,,,,,,,,,,,,
,,,,,,,,,,,,,,,,,,,,,,,,,,,,,,,
,,,,,,,,,,,,,,,,,,,,,,,,,,,,,,,
,,,,,,,,,,,,,,,,,,,,,,,,,,,,,,,
,,,,,,,,,,,,,,,,,,,,,,,,,,,,,,,
,,,,,,,,,,,,,,,,,,,,,,,,,,,,,,,
,,,,,,,,,,,,,,,,,,,,,,,,,,,,,,,
,,,,,,,,,,,,,,,,,,,,,,,,,,,,,,,
,,,,,,,,,,,,,,,,,,,,,,,,,,,,,,,
,,,,,,,,,,,,,,,,,,,,,,,,,,,,,,,
,,,,,,,,,,,,,,,,,,,,,,,,,,,,,,,
,,,,,,,,,,,,,,,,,,,,,,,,,,,,,,,
,,,,,,,,,,,,,,,,,,,,,,,,,,,,,,,
,,,,,,,,,,,,,,,,,,,,,,,,,,,,,,,
,,,,,,,,,,,,,,,,,,,,,,,,,,,,,,,
,,,,,,,,,,,,,,,,,,,,,,,,,,,,,,,
,,,,,,,,,,,,,,,,,,,,,,,,,,,,,,,
,,,,,,,,,,,,,,,,,,,,,,,,,,,,,,,
,,,,,,,,,,,,,,,,,,,,,,,,,,,,,,,
,,,,,,,,,,,,,,,,,,,,,,,,,,,,,,,
,,,,,,,,,,,,,,,,,,,,,,,,,,,,,,,
,,,,,,,,,,,,,,,,,,,,,,,,,,,,,,,
,,,,,,,,,,,,,,,,,,,,,,,,,,,,,,,
,,,,,,,,,,,,,,,,,,,,,,,,,,,,,,,
,,,,,,,,,,,,,,,,,,,,,,,,,,,,,,,
,,,,,,,,,,,,,,,,,,,,,,,,,,,,,,,
,,,,,,,,,,,,,,,,,,,,,,,,,,,,,,,
,,,,,,,,,,,,,,,,,,,,,,,,,,,,,,,
,,,,,,,,,,,,,,,,,,,,,,,,,,,,,,,
,,,,,,,,,,,,,,,,,,,,,,,,,,,,,,,
,,,,,,,,,,,,,,,,,,,,,,,,,,,,,,,
,,,,,,,,,,,,,,,,,,,,,,,,,,,,,,,
,,,,,,,,,,,,,,,,,,,,,,,,,,,,,,,
,,,,,,,,,,,,,,,,,,,,,,,,,,,,,,,
,,,,,,,,,,,,,,,,,,,,,,,,,,,,,,,
,,,,,,,,,,,,,,,,,,,,,,,,,,,,,,,
,,,,,,,,,,,,,,,,,,,,,,,,,,,,,,,
,,,,,,,,,,,,,,,,,,,,,,,,,,,,,,,
,,,,,,,,,,,,,,,,,,,,,,,,,,,,,,,
,,,,,,,,,,,,,,,,,,,,,,,,,,,,,,,
,,,,,,,,,,,,,,,,,,,,,,,,,,,,,,,
,,,,,,,,,,,,,,,,,,,,,,,,,,,,,,,
,,,,,,,,,,,,,,,,,,,,,,,,,,,,,,,
,,,,,,,,,,,,,,,,,,,,,,,,,,,,,,,
,,,,,,,,,,,,,,,,,,,,,,,,,,,,,,,
,,,,,,,,,,,,,,,,,,,,,,,,,,,,,,,
,,,,,,,,,,,,,,,,,,,,,,,,,,,,,,,
,,,,,,,,,,,,,,,,,,,,,,,,,,,,,,,
,,,,,,,,,,,,,,,,,,,,,,,,,,,,,,,
,,,,,,,,,,,,,,,,,,,,,,,,,,,,,,,
,,,,,,,,,,,,,,,,,,,,,,,,,,,,,,,
,,,,,,,,,,,,,,,,,,,,,,,,,,,,,,,
,,,,,,,,,,,,,,,,,,,,,,,,,,,,,,,
,,,,,,,,,,,,,,,,,,,,,,,,,,,,,,,
,,,,,,,,,,,,,,,,,,,,,,,,,,,,,,,
,,,,,,,,,,,,,,,,,,,,,,,,,,,,,,,
,,,,,,,,,,,,,,,,,,,,,,,,,,,,,,,
,,,,,,,,,,,,,,,,,,,,,,,,,,,,,,,
,,,,,,,,,,,,,,,,,,,,,,,,,,,,,,,
,,,,,,,,,,,,,,,,,,,,,,,,,,,,,,,
,,,,,,,,,,,,,,,,,,,,,,,,,,,,,,,
,,,,,,,,,,,,,,,,,,,,,,,,,,,,,,,
,,,,,,,,,,,,,,,,,,,,,,,,,,,,,,,
,,,,,,,,,,,,,,,,,,,,,,,,,,,,,,,
,,,,,,,,,,,,,,,,,,,,,,,,,,,,,,,
,,,,,,,,,,,,,,,,,,,,,,,,,,,,,,,
,,,,,,,,,,,,,,,,,,,,,,,,,,,,,,,
,,,,,,,,,,,,,,,,,,,,,,,,,,,,,,,
,,,,,,,,,,,,,,,,,,,,,,,,,,,,,,,
,,,,,,,,,,,,,,,,,,,,,,,,,,,,,,,
,,,,,,,,,,,,,,,,,,,,,,,,,,,,,,,
,,,,,,,,,,,,,,,,,,,,,,,,,,,,,,,
,,,,,,,,,,,,,,,,,,,,,,,,,,,,,,,
,,,,,,,,,,,,,,,,,,,,,,,,,,,,,,,
,,,,,,,,,,,,,,,,,,,,,,,,,,,,,,,
,,,,,,,,,,,,,,,,,,,,,,,,,,,,,,,
,,,,,,,,,,,,,,,,,,,,,,,,,,,,,,,
,,,,,,,,,,,,,,,,,,,,,,,,,,,,,,,
,,,,,,,,,,,,,,,,,,,,,,,,,,,,,,,
,,,,,,,,,,,,,,,,,,,,,,,,,,,,,,,
,,,,,,,,,,,,,,,,,,,,,,,,,,,,,,,
,,,,,,,,,,,,,,,,,,,,,,,,,,,,,,,
,,,,,,,,,,,,,,,,,,,,,,,,,,,,,,,
,,,,,,,,,,,,,,,,,,,,,,,,,,,,,,,
,,,,,,,,,,,,,,,,,,,,,,,,,,,,,,,
,,,,,,,,,,,,,,,,,,,,,,,,,,,,,,,
,,,,,,,,,,,,,,,,,,,,,,,,,,,,,,,
,,,,,,,,,,,,,,,,,,,,,,,,,,,,,,,
,,,,,,,,,,,,,,,,,,,,,,,,,,,,,,,
,,,,,,,,,,,,,,,,,,,,,,,,,,,,,,,
,,,,,,,,,,,,,,,,,,,,,,,,,,,,,,,
,,,,,,,,,,,,,,,,,,,,,,,,,,,,,,,
,,,,,,,,,,,,,,,,,,,,,,,,,,,,,,,
,,,,,,,,,,,,,,,,,,,,,,,,,,,,,,,
,,,,,,,,,,,,,,,,,,,,,,,,,,,,,,,
,,,,,,,,,,,,,,,,,,,,,,,,,,,,,,,
,,,,,,,,,,,,,,,,,,,,,,,,,,,,,,,
,,,,,,,,,,,,,,,,,,,,,,,,,,,,,,,
,,,,,,,,,,,,,,,,,,,,,,,,,,,,,,,
,,,,,,,,,,,,,,,,,,,,,,,,,,,,,,,
,,,,,,,,,,,,,,,,,,,,,,,,,,,,,,,
,,,,,,,,,,,,,,,,,,,,,,,,,,,,,,,
,,,,,,,,,,,,,,,,,,,,,,,,,,,,,,,
,,,,,,,,,,,,,,,,,,,,,,,,,,,,,,,
,,,,,,,,,,,,,,,,,,,,,,,,,,,,,,,
,,,,,,,,,,,,,,,,,,,,,,,,,,,,,,,
,,,,,,,,,,,,,,,,,,,,,,,,,,,,,,,
,,,,,,,,,,,,,,,,,,,,,,,,,,,,,,,
,,,,,,,,,,,,,,,,,,,,,,,,,,,,,,,
,,,,,,,,,,,,,,,,,,,,,,,,,,,,,,,
,,,,,,,,,,,,,,,,,,,,,,,,,,,,,,,
,,,,,,,,,,,,,,,,,,,,,,,,,,,,,,,
,,,,,,,,,,,,,,,,,,,,,,,,,,,,,,,
,,,,,,,,,,,,,,,,,,,,,,,,,,,,,,,
,,,,,,,,,,,,,,,,,,,,,,,,,,,,,,,
,,,,,,,,,,,,,,,,,,,,,,,,,,,,,,,
,,,,,,,,,,,,,,,,,,,,,,,,,,,,,,,
,,,,,,,,,,,,,,,,,,,,,,,,,,,,,,,
,,,,,,,,,,,,,,,,,,,,,,,,,,,,,,,
,,,,,,,,,,,,,,,,,,,,,,,,,,,,,,,
,,,,,,,,,,,,,,,,,,,,,,,,,,,,,,,
,,,,,,,,,,,,,,,,,,,,,,,,,,,,,,,
,,,,,,,,,,,,,,,,,,,,,,,,,,,,,,,
,,,,,,,,,,,,,,,,,,,,,,,,,,,,,,,
,,,,,,,,,,,,,,,,,,,,,,,,,,,,,,,
,,,,,,,,,,,,,,,,,,,,,,,,,,,,,,,
,,,,,,,,,,,,,,,,,,,,,,,,,,,,,,,
,,,,,,,,,,,,,,,,,,,,,,,,,,,,,,,
,,,,,,,,,,,,,,,,,,,,,,,,,,,,,,,
,,,,,,,,,,,,,,,,,,,,,,,,,,,,,,,
,,,,,,,,,,,,,,,,,,,,,,,,,,,,,,,
,,,,,,,,,,,,,,,,,,,,,,,,,,,,,,,
,,,,,,,,,,,,,,,,,,,,,,,,,,,,,,,
,,,,,,,,,,,,,,,,,,,,,,,,,,,,,,,
,,,,,,,,,,,,,,,,,,,,,,,,,,,,,,,
,,,,,,,,,,,,,,,,,,,,,,,,,,,,,,,
,,,,,,,,,,,,,,,,,,,,,,,,,,,,,,,
,,,,,,,,,,,,,,,,,,,,,,,,,,,,,,,
,,,,,,,,,,,,,,,,,,,,,,,,,,,,,,,
,,,,,,,,,,,,,,,,,,,,,,,,,,,,,,,
,,,,,,,,,,,,,,,,,,,,,,,,,,,,,,,
,,,,,,,,,,,,,,,,,,,,,,,,,,,,,,,
,,,,,,,,,,,,,,,,,,,,,,,,,,,,,,,
